timestamp,odom_x,odom_y,odom_yaw,odom_v,odom_w
1741199331079989715,-0.3527925811338763,-3.1993845034496444e-11,-2.94663568658109,-1.7021974261358047e-17,-1.924240277970733e-15
1741199331435821784,-0.3527925811338763,-3.1993845034496444e-11,-2.94663568658109,-1.7021974261358047e-17,-1.924240277970733e-15
1741199331435911472,-0.3527925811338763,-3.1993845034496444e-11,-2.94663568658109,-1.7021974261358047e-17,-1.924240277970733e-15
1741199331436195334,-0.3527925811338763,-3.1993845034496444e-11,-2.94663568658109,-1.7021974261358047e-17,-1.924240277970733e-15
1741199331436223806,-0.3527925811338763,-3.1993845034496444e-11,-2.94663568658109,-1.7021974261358047e-17,-1.924240277970733e-15
1741199331436268306,-0.3527925811338763,-3.1993845034496444e-11,-2.94663568658109,-1.7021974261358047e-17,-1.924240277970733e-15
1741199331436295692,-0.3527925811338763,-3.1993845034496444e-11,-2.94663568658109,-1.7021974261358047e-17,-1.924240277970733e-15
1741199331436310429,-0.3527925811338763,-3.1993845034496444e-11,-2.94663568658109,-1.7021974261358047e-17,-1.924240277970733e-15
1741199331489302720,-0.3527925811338763,-3.1993845034496444e-11,-2.94663568658109,-1.7021974261358047e-17,-1.924240277970733e-15
1741199331504354035,-0.3527925811338763,-3.1993845034496444e-11,-2.94663568658109,-1.7021974261358047e-17,-1.924240277970733e-15
1741199331538588786,-0.3527925811338763,-3.1993845034496444e-11,-2.94663568658109,-1.7021974261358047e-17,-1.924240277970733e-15
1741199331904119790,-0.3527925811338763,-3.1993845034496444e-11,-2.94663568658109,-1.7021974261358047e-17,-1.924240277970733e-15
1741199331907302231,-0.3527925811338763,-3.1993845034496444e-11,-2.94663568658109,-1.7021974261358047e-17,-1.924240277970733e-15
1741199331907330680,-0.3527925811338763,-3.1993845034496444e-11,-2.94663568658109,-1.7021974261358047e-17,-1.924240277970733e-15
1741199331907348367,-0.3527925811338763,-3.1993845034496444e-11,-2.94663568658109,-1.7021974261358047e-17,-1.924240277970733e-15
1741199331907374723,-0.3527925811338763,-3.1993845034496444e-11,-2.94663568658109,-1.7021974261358047e-17,-1.924240277970733e-15
1741199331907387573,-0.3527925811338763,-3.1993845034496444e-11,-2.94663568658109,-1.7021974261358047e-17,-1.924240277970733e-15
1741199331907399637,-0.3527925811338763,-3.1993845034496444e-11,-2.94663568658109,-1.7021974261358047e-17,-1.924240277970733e-15
1741199331965466631,-0.3527925811338763,-3.1993845034496444e-11,-2.94663568658109,-1.7021974261358047e-17,-1.924240277970733e-15
1741199331980686004,-0.3527925811338763,-3.1993845034496444e-11,-2.94663568658109,-1.7021974261358047e-17,-1.924240277970733e-15
1741199332026871229,-0.3527925811338763,-3.1993845034496444e-11,-2.94663568658109,-1.7021974261358047e-17,-1.924240277970733e-15
1741199332074514457,-0.3527925811338763,-3.1993845034496444e-11,-2.94663568658109,-1.7021974261358047e-17,-1.924240277970733e-15
1741199332116168119,-0.3527925811338763,-3.1993845034496444e-11,-2.94663568658109,-1.7021974261358047e-17,-1.924240277970733e-15
1741199332168915972,-0.3527925811338763,-3.1993845034496444e-11,-2.94663568658109,-1.7021974261358047e-17,-1.924240277970733e-15
1741199332211721167,-0.3527925811338763,-3.1993845034496444e-11,-2.94663568658109,-1.7021974261358047e-17,-1.924240277970733e-15
1741199332252625002,-0.3527925811338763,-3.1993845034496444e-11,-2.94663568658109,-1.7021974261358047e-17,-1.924240277970733e-15
1741199332297094884,-0.3527925811338763,-3.1993845034496444e-11,-2.94663568658109,-1.7021974261358047e-17,-1.924240277970733e-15
1741199332335874498,-0.3527925811338763,-3.1993845034496444e-11,-2.94663568658109,-1.7021974261358047e-17,-1.924240277970733e-15
1741199332374989588,-0.3527925811338763,-3.1993845034496444e-11,-2.94663568658109,-1.7021974261358047e-17,-1.924240277970733e-15
1741199332416944740,-0.3527925811338763,-3.1993845034496444e-11,-2.94663568658109,-1.7021974261358047e-17,-1.924240277970733e-15
1741199332453181091,-0.3527925811338763,-3.1993845034496444e-11,-2.94663568658109,-1.7021974261358047e-17,-1.924240277970733e-15
1741199332487676044,-0.3527925811338763,-3.1993845034496444e-11,-2.94663568658109,-1.7021974261358047e-17,-1.924240277970733e-15
1741199332538244224,-0.3527925811338763,-3.1993845034496444e-11,-2.94663568658109,-1.7021974261358047e-17,-1.924240277970733e-15
1741199332631186797,-0.3527925811338763,-3.1993845034496444e-11,-2.94663568658109,-1.7021974261358047e-17,-1.924240277970733e-15
1741199332651918986,-0.3527925811338763,-3.1993845034496444e-11,-2.94663568658109,-1.7021974261358047e-17,-1.924240277970733e-15
1741199332726410288,-0.3527925811338763,-3.1993845034496444e-11,-2.94663568658109,-1.7021974261358047e-17,-1.924240277970733e-15
1741199332741510291,-0.3527925811338763,-3.1993845034496444e-11,-2.94663568658109,-1.7021974261358047e-17,-1.924240277970733e-15
1741199332816035772,-0.3527925811338763,-3.1993845034496444e-11,-2.94663568658109,-1.7021974261358047e-17,-1.924240277970733e-15
1741199332831977747,-0.3527925811338763,-3.1993845034496444e-11,-2.94663568658109,-1.7021974261358047e-17,-1.924240277970733e-15
1741199332906305195,-0.3527925811338763,-3.1993845034496444e-11,-2.94663568658109,-1.7021974261358047e-17,-1.924240277970733e-15
1741199332924691815,-0.3527925811338763,-3.1993845034496444e-11,-2.94663568658109,-1.7021974261358047e-17,-1.924240277970733e-15
1741199333002622545,-0.3527925811338763,-3.1993845034496444e-11,-2.94663568658109,-1.7021974261358047e-17,-1.924240277970733e-15
1741199333020988001,-0.3527925811338763,-3.1993845034496444e-11,-2.94663568658109,-1.7021974261358047e-17,-1.924240277970733e-15
1741199333064378207,-0.3527925811338763,-3.1993845034496444e-11,-2.94663568658109,-1.7021974261358047e-17,-1.924240277970733e-15
1741199333130903678,-0.3527925811338763,-3.1993845034496444e-11,-2.94663568658109,-1.7021974261358047e-17,-1.924240277970733e-15
1741199333219946293,-0.3527925811338763,-3.1993845034496444e-11,-2.94663568658109,-1.7021974261358047e-17,-1.924240277970733e-15
1741199333236056781,-0.3527925811338763,-3.1993845034496444e-11,-2.94663568658109,-1.7021974261358047e-17,-1.924240277970733e-15
1741199333301720222,-0.3527925811338763,-3.1993845034496444e-11,-2.94663568658109,-1.7021974261358047e-17,-1.924240277970733e-15
1741199333319497968,-0.3527925811338763,-3.1993845034496444e-11,-2.94663568658109,-1.7021974261358047e-17,-1.924240277970733e-15
1741199333381991135,-0.3527925811338763,-3.1993845034496444e-11,-2.94663568658109,-1.7021974261358047e-17,-1.924240277970733e-15
1741199333399647450,-0.3527925811338763,-3.1993845034496444e-11,-2.94663568658109,-1.7021974261358047e-17,-1.924240277970733e-15
1741199333463991947,-0.3527925811338763,-3.1993845034496444e-11,-2.94663568658109,-1.7021974261358047e-17,-1.924240277970733e-15
1741199333481326006,-0.3527925811338763,-3.1993845034496444e-11,-2.94663568658109,-1.7021974261358047e-17,-1.924240277970733e-15
1741199333558516839,-0.3527925811338763,-3.1993845034496444e-11,-2.94663568658109,-1.7021974261358047e-17,-1.924240277970733e-15
1741199333572968891,-0.3527925811338763,-3.1993845034496444e-11,-2.94663568658109,-1.7021974261358047e-17,-1.924240277970733e-15
1741199333643052448,-0.3527925811338763,-3.1993845034496444e-11,-2.94663568658109,-1.7021974261358047e-17,-1.924240277970733e-15
1741199333680916603,-0.3527925811338763,-3.1993845034496444e-11,-2.94663568658109,-1.7021974261358047e-17,-1.924240277970733e-15
1741199333723946527,-0.3527925811338763,-3.1993845034496444e-11,-2.94663568658109,-1.7021974261358047e-17,-1.924240277970733e-15
1741199333767347460,-0.3527925811338763,-3.1993845034496444e-11,-2.94663568658109,-1.7021974261358047e-17,-1.924240277970733e-15
1741199333810408408,-0.3527925811338763,-3.1993845034496444e-11,-2.94663568658109,-1.7021974261358047e-17,-1.924240277970733e-15
1741199333847721219,-0.3527925811338763,-3.1993845034496444e-11,-2.94663568658109,-1.7021974261358047e-17,-1.924240277970733e-15
1741199333889414294,-0.3527925811338763,-3.1993845034496444e-11,-2.94663568658109,-1.7021974261358047e-17,-1.924240277970733e-15
1741199333933275772,-0.3527925811338763,-3.1993845034496444e-11,-2.94663568658109,-1.7021974261358047e-17,-1.924240277970733e-15
1741199333948381805,-0.3527925811338763,-3.1993845034496444e-11,-2.94663568658109,-1.7021974261358047e-17,-1.924240277970733e-15
1741199334018585586,-0.3527925811338763,-3.1993845034496444e-11,-2.94663568658109,-1.7021974261358047e-17,-1.924240277970733e-15
1741199334036046468,-0.3527925811338763,-3.1993845034496444e-11,-2.94663568658109,-1.7021974261358047e-17,-1.924240277970733e-15
1741199334100272222,-0.3527925811338763,-3.1993845034496444e-11,-2.94663568658109,-1.7021974261358047e-17,-1.924240277970733e-15
1741199334116215182,-0.3527925811338763,-3.1993845034496444e-11,-2.94663568658109,-1.7021974261358047e-17,-1.924240277970733e-15
1741199334187874076,-0.3527925811338763,-3.1993845034496444e-11,-2.94663568658109,-1.7021974261358047e-17,-1.924240277970733e-15
1741199334205877815,-0.3527925811338763,-3.1993845034496444e-11,-2.94663568658109,-1.7021974261358047e-17,-1.924240277970733e-15
1741199334275843507,-0.3527925811338763,-3.1993845034496444e-11,-2.94663568658109,-1.7021974261358047e-17,-1.924240277970733e-15
1741199334291140311,-0.3527925811338763,-3.1993845034496444e-11,-2.94663568658109,-1.7021974261358047e-17,-1.924240277970733e-15
1741199334358170196,-0.3527925811338763,-3.1993845034496444e-11,-2.94663568658109,-1.7021974261358047e-17,-1.924240277970733e-15
1741199334373515551,-0.3527925811338763,-3.1993845034496444e-11,-2.94663568658109,-1.7021974261358047e-17,-1.924240277970733e-15
1741199334406561958,-0.3527925811338763,-3.1993845034496444e-11,-2.94663568658109,-1.7021974261358047e-17,-1.924240277970733e-15
1741199334457047439,-0.3527925811338763,-3.1993845034496444e-11,-2.94663568658109,-1.7021974261358047e-17,-1.924240277970733e-15
1741199334492664435,-0.3527925811338763,-3.1993845034496444e-11,-2.94663568658109,-1.7021974261358047e-17,-1.924240277970733e-15
1741199334543025269,-0.3527925811338763,-3.1993845034496444e-11,-2.94663568658109,-1.7021974261358047e-17,-1.924240277970733e-15
1741199334618015765,-0.3527925811338763,-3.1993845034496444e-11,-2.94663568658109,-1.7021974261358047e-17,-1.924240277970733e-15
1741199334632828495,-0.3527925811338763,-3.1993845034496444e-11,-2.94663568658109,-1.7021974261358047e-17,-1.924240277970733e-15
1741199334698507541,-0.3527925811338763,-3.1993845034496444e-11,-2.94663568658109,-1.7021974261358047e-17,-1.924240277970733e-15
1741199334713656630,-0.3527925811338763,-3.1993845034496444e-11,-2.94663568658109,-1.7021974261358047e-17,-1.924240277970733e-15
1741199334780739568,-0.3527925811338763,-3.1993845034496444e-11,-2.94663568658109,-1.7021974261358047e-17,-1.924240277970733e-15
1741199334825816649,-0.3527925811338763,-3.1993845034496444e-11,-2.94663568658109,-1.7021974261358047e-17,-1.924240277970733e-15
1741199334878756509,-0.3527925811338763,-3.1993845034496444e-11,-2.94663568658109,-1.7021974261358047e-17,-1.924240277970733e-15
1741199334917051716,-0.3527925811338763,-3.1993845034496444e-11,-2.94663568658109,-1.7021974261358047e-17,-1.924240277970733e-15
1741199334967431564,-0.3527925811338763,-3.1993845034496444e-11,-2.94663568658109,-1.7021974261358047e-17,-1.924240277970733e-15
1741199335007071453,-0.3527925811338763,-3.1993845034496444e-11,-2.94663568658109,-1.7021974261358047e-17,-1.924240277970733e-15
1741199335050545323,-0.3527925811338763,-3.1993845034496444e-11,-2.94663568658109,-1.7021974261358047e-17,-1.924240277970733e-15
1741199335092232097,-0.3527925811338763,-3.1993845034496444e-11,-2.94663568658109,-1.7021974261358047e-17,-1.924240277970733e-15
1741199335136227699,-0.3527925811338763,-3.1993845034496444e-11,-2.94663568658109,-1.7021974261358047e-17,-1.924240277970733e-15
1741199335181832726,-0.3527925811338763,-3.1993845034496444e-11,-2.94663568658109,-1.7021974261358047e-17,-1.924240277970733e-15
1741199335215273586,-0.3527925811338763,-3.1993845034496444e-11,-2.94663568658109,-1.7021974261358047e-17,-1.924240277970733e-15
1741199335258324936,-0.3527925811338763,-3.1993845034496444e-11,-2.94663568658109,-1.7021974261358047e-17,-1.924240277970733e-15
1741199335295598617,-0.3527925811338763,-3.1993845034496444e-11,-2.94663568658109,-1.7021974261358047e-17,-1.924240277970733e-15
1741199335337781761,-0.3527925811338763,-3.1993845034496444e-11,-2.94663568658109,-1.7021974261358047e-17,-1.924240277970733e-15
1741199335379464079,-0.3527925811338763,-3.1993845034496444e-11,-2.94663568658109,-1.7021974261358047e-17,-1.924240277970733e-15
1741199335423310187,-0.3527925811338763,-3.1993845034496444e-11,-2.94663568658109,-1.7021974261358047e-17,-1.924240277970733e-15
1741199335461007628,-0.3527925811338763,-3.1993845034496444e-11,-2.94663568658109,-1.7021974261358047e-17,-1.924240277970733e-15
1741199335504955865,-0.3527925811338763,-3.1993845034496444e-11,-2.94663568658109,-1.7021974261358047e-17,-1.924240277970733e-15
1741199335537390425,-0.3527925811338763,-3.1993845034496444e-11,-2.94663568658109,-1.7021974261358047e-17,-1.924240277970733e-15
1741199335594229103,-0.3527925811338763,-3.1993845034496444e-11,-2.94663568658109,-1.7021974261358047e-17,-1.924240277970733e-15
1741199335626614473,-0.3527925811338763,-3.1993845034496444e-11,-2.94663568658109,-1.7021974261358047e-17,-1.924240277970733e-15
1741199335674206720,-0.3527925811338763,-3.1993845034496444e-11,-2.94663568658109,-1.7021974261358047e-17,-1.924240277970733e-15
1741199335707960001,-0.3527925811338763,-3.1993845034496444e-11,-2.94663568658109,-1.7021974261358047e-17,-1.924240277970733e-15
1741199335759683272,-0.3527925811338763,-3.1993845034496444e-11,-2.94663568658109,-1.7021974261358047e-17,-1.924240277970733e-15
1741199335796596356,-0.3527925811338763,-3.1993845034496444e-11,-2.94663568658109,-1.7021974261358047e-17,-1.924240277970733e-15
1741199335811589882,-0.3527925811338763,-3.1993845034496444e-11,-2.94663568658109,-1.7021974261358047e-17,-1.924240277970733e-15
1741199335871043889,-0.3527925811338763,-3.1993845034496444e-11,-2.94663568658109,-1.7021974261358047e-17,-1.924240277970733e-15
1741199335923316486,-0.3527925811338763,-3.1993845034496444e-11,-2.94663568658109,-1.7021974261358047e-17,-1.924240277970733e-15
1741199335956312741,-0.3527925811338763,-3.1993845034496444e-11,-2.94663568658109,-1.7021974261358047e-17,-1.924240277970733e-15
1741199336007451787,-0.3527925811338763,-3.1993845034496444e-11,-2.94663568658109,-1.7021974261358047e-17,-1.924240277970733e-15
1741199336048795212,-0.3527925811338763,-3.1993845034496444e-11,-2.94663568658109,-1.7021974261358047e-17,-1.924240277970733e-15
1741199336094721095,-0.3527925811338763,-3.1993845034496444e-11,-2.94663568658109,-1.7021974261358047e-17,-1.924240277970733e-15
1741199336136292547,-0.3527925811338763,-3.1993845034496444e-11,-2.94663568658109,-1.7021974261358047e-17,-1.924240277970733e-15
1741199336186453636,-0.3527925811338763,-3.1993845034496444e-11,-2.94663568658109,-1.7021974261358047e-17,-1.924240277970733e-15
1741199336226719371,-0.3527925811338763,-3.1993845034496444e-11,-2.94663568658109,-1.7021974261358047e-17,-1.924240277970733e-15
1741199336271574251,-0.3527925811338763,-3.1993845034496444e-11,-2.94663568658109,-1.7021974261358047e-17,-1.924240277970733e-15
1741199336311157886,-0.3527925811338763,-3.1993845034496444e-11,-2.94663568658109,-1.7021974261358047e-17,-1.924240277970733e-15
1741199336352666467,-0.3527925811338763,-3.1993845034496444e-11,-2.94663568658109,-1.7021974261358047e-17,-1.924240277970733e-15
1741199336394240117,-0.3527925811338763,-3.1993845034496444e-11,-2.94663568658109,-1.7021974261358047e-17,-1.924240277970733e-15
1741199336437040224,-0.3527925811338763,-3.1993845034496444e-11,-2.94663568658109,-1.7021974261358047e-17,-1.924240277970733e-15
1741199336482913100,-0.3527925811338763,-3.1993845034496444e-11,-2.94663568658109,-1.7021974261358047e-17,-1.924240277970733e-15
1741199336519245419,-0.3527925811338763,-3.1993845034496444e-11,-2.94663568658109,-1.7021974261358047e-17,-1.924240277970733e-15
1741199336561220552,-0.3527925811338763,-3.1993845034496444e-11,-2.94663568658109,-1.7021974261358047e-17,-1.924240277970733e-15
1741199336614507614,-0.3527925811338763,-3.1993845034496444e-11,-2.94663568658109,-1.7021974261358047e-17,-1.924240277970733e-15
1741199336659854480,-0.3527925811338763,-3.1993845034496444e-11,-2.94663568658109,-1.7021974261358047e-17,-1.924240277970733e-15
1741199336702358839,-0.3527925811338763,-3.1993845034496444e-11,-2.94663568658109,-1.7021974261358047e-17,-1.924240277970733e-15
1741199336741551963,-0.3527925811338763,-3.1993845034496444e-11,-2.94663568658109,-1.7021974261358047e-17,-1.924240277970733e-15
1741199336781946028,-0.3527925811338763,-3.1993845034496444e-11,-2.94663568658109,-1.7021974261358047e-17,-1.924240277970733e-15
1741199336828349831,-0.3527925811338763,-3.1993845034496444e-11,-2.94663568658109,-1.7021974261358047e-17,-1.924240277970733e-15
1741199336892274174,-0.3527925811338763,-3.1993845034496444e-11,-2.94663568658109,-1.7021974261358047e-17,-1.924240277970733e-15
1741199336907644890,-0.3527925811338763,-3.1993845034496444e-11,-2.94663568658109,-1.7021974261358047e-17,-1.924240277970733e-15
1741199336975056899,-0.3527925811338763,-3.1993845034496444e-11,-2.94663568658109,-1.7021974261358047e-17,-1.924240277970733e-15
1741199336990859388,-0.3527925811338763,-3.1993845034496444e-11,-2.94663568658109,-1.7021974261358047e-17,-1.924240277970733e-15
1741199337031912798,-0.3527925811338763,-3.1993845034496444e-11,-2.94663568658109,-1.7021974261358047e-17,-1.924240277970733e-15
1741199337071142534,-0.3527925811338763,-3.1993845034496444e-11,-2.94663568658109,-1.7021974261358047e-17,-1.924240277970733e-15
1741199337100225282,-0.3527925811338763,-3.1993845034496444e-11,-2.94663568658109,-1.7021974261358047e-17,-1.924240277970733e-15
1741199337148657023,-0.3527925811338763,-3.1993845034496444e-11,-2.94663568658109,-1.7021974261358047e-17,-1.924240277970733e-15
1741199337179235449,-0.3527925811338763,-3.1993845034496444e-11,-2.94663568658109,-1.7021974261358047e-17,-1.924240277970733e-15
1741199337224916829,-0.3527925811338763,-3.1993845034496444e-11,-2.94663568658109,-1.7021974261358047e-17,-1.924240277970733e-15
1741199337272484930,-0.3527925811338763,-3.1993845034496444e-11,-2.94663568658109,-1.7021974261358047e-17,-1.924240277970733e-15
1741199337315820450,-0.3527925811338763,-3.1993845034496444e-11,-2.94663568658109,-1.7021974261358047e-17,-1.924240277970733e-15
1741199337395753643,-0.3527925811338763,-3.1993845034496444e-11,-2.94663568658109,-1.7021974261358047e-17,-1.924240277970733e-15
1741199337410531555,-0.3527925811338763,-3.1993845034496444e-11,-2.94663568658109,-1.7021974261358047e-17,-1.924240277970733e-15
1741199337469947252,-0.3527925811338763,-3.1993845034496444e-11,-2.94663568658109,-1.7021974261358047e-17,-1.924240277970733e-15
1741199337488141380,-0.3527925811338763,-3.1993845034496444e-11,-2.94663568658109,-1.7021974261358047e-17,-1.924240277970733e-15
1741199337546398888,-0.3527925811338763,-3.1993845034496444e-11,-2.94663568658109,-1.7021974261358047e-17,-1.924240277970733e-15
1741199337563897384,-0.3527925811338763,-3.1993845034496444e-11,-2.94663568658109,-1.7021974261358047e-17,-1.924240277970733e-15
1741199337628628464,-0.3527925811338763,-3.1993845034496444e-11,-2.94663568658109,-1.7021974261358047e-17,-1.924240277970733e-15
1741199337643918190,-0.3527925811338763,-3.1993845034496444e-11,-2.94663568658109,-1.7021974261358047e-17,-1.924240277970733e-15
1741199337711384073,-0.3527925811338763,-3.1993845034496444e-11,-2.94663568658109,-1.7021974261358047e-17,-1.924240277970733e-15
1741199337726284760,-0.3527925811338763,-3.1993845034496444e-11,-2.94663568658109,-1.7021974261358047e-17,-1.924240277970733e-15
1741199337761376263,-0.3527925811338763,-3.1993845034496444e-11,-2.94663568658109,-1.7021974261358047e-17,-1.924240277970733e-15
1741199337832984458,-0.3527925811338763,-3.1993845034496444e-11,-2.94663568658109,-1.7021974261358047e-17,-1.924240277970733e-15
1741199337849034059,-0.3527925811338763,-3.1993845034496444e-11,-2.94663568658109,-1.7021974261358047e-17,-1.924240277970733e-15
1741199337886300564,-0.3527925811338763,-3.1993845034496444e-11,-2.94663568658109,-1.7021974261358047e-17,-1.924240277970733e-15
1741199337930012643,-0.3527925811338763,-3.1993845034496444e-11,-2.94663568658109,-1.7021974261358047e-17,-1.924240277970733e-15
1741199337995199661,-0.3527925811338763,-3.1993845034496444e-11,-2.94663568658109,-1.7021974261358047e-17,-1.924240277970733e-15
1741199338012866857,-0.3527925811338763,-3.1993845034496444e-11,-2.94663568658109,-1.7021974261358047e-17,-1.924240277970733e-15
1741199338084036692,-0.3527925811338763,-3.1993845034496444e-11,-2.94663568658109,-1.7021974261358047e-17,-1.924240277970733e-15
1741199338099421373,-0.3527925811338763,-3.1993845034496444e-11,-2.94663568658109,-1.7021974261358047e-17,-1.924240277970733e-15
1741199338164029247,-0.3527925811338763,-3.1993845034496444e-11,-2.94663568658109,-1.7021974261358047e-17,-1.924240277970733e-15
1741199338184073209,-0.3527925811338763,-3.1993845034496444e-11,-2.94663568658109,-1.7021974261358047e-17,-1.924240277970733e-15
1741199338254556920,-0.3527925811338763,-3.1993845034496444e-11,-2.94663568658109,-1.7021974261358047e-17,-1.924240277970733e-15
1741199338273116239,-0.3527925811338763,-3.1993845034496444e-11,-2.94663568658109,-1.7021974261358047e-17,-1.924240277970733e-15
1741199338312204471,-0.3527925811338763,-3.1993845034496444e-11,-2.94663568658109,-1.7021974261358047e-17,-1.924240277970733e-15
1741199338348420036,-0.3527925811338763,-3.1993845034496444e-11,-2.94663568658109,-1.7021974261358047e-17,-1.924240277970733e-15
1741199338378999948,-0.3527925811338763,-3.1993845034496444e-11,-2.94663568658109,-1.7021974261358047e-17,-1.924240277970733e-15
1741199338419835092,-0.3527925811338763,-3.1993845034496444e-11,-2.94663568658109,-1.7021974261358047e-17,-1.924240277970733e-15
1741199338458410568,-0.3527925811338763,-3.1993845034496444e-11,-2.94663568658109,-1.7021974261358047e-17,-1.924240277970733e-15
1741199338505515655,-0.3527925811338763,-3.1993845034496444e-11,-2.94663568658109,-1.7021974261358047e-17,-1.924240277970733e-15
1741199338537666415,-0.3527925811338763,-3.1993845034496444e-11,-2.94663568658109,-1.7021974261358047e-17,-1.924240277970733e-15
1741199338580796143,-0.3527925811338763,-3.1993845034496444e-11,-2.94663568658109,-1.7021974261358047e-17,-1.924240277970733e-15
1741199338617822096,-0.3527925811338763,-3.1993845034496444e-11,-2.94663568658109,-1.7021974261358047e-17,-1.924240277970733e-15
1741199338662231403,-0.3527925811338763,-3.1993845034496444e-11,-2.94663568658109,-1.7021974261358047e-17,-1.924240277970733e-15
1741199338723695424,-0.3527925811338763,-3.1993845034496444e-11,-2.94663568658109,-1.7021974261358047e-17,-1.924240277970733e-15
1741199338738300135,-0.3527925811338763,-3.1993845034496444e-11,-2.94663568658109,-1.7021974261358047e-17,-1.924240277970733e-15
1741199338817017050,-0.3527925811338763,-3.1993845034496444e-11,-2.94663568658109,-1.7021974261358047e-17,-1.924240277970733e-15
1741199338831405044,-0.3527925811338763,-3.1993845034496444e-11,-2.94663568658109,-1.7021974261358047e-17,-1.924240277970733e-15
1741199338900215445,-0.3527925811338763,-3.1993845034496444e-11,-2.94663568658109,-1.7021974261358047e-17,-1.924240277970733e-15
1741199338944130210,-0.3527925811338763,-3.1993845034496444e-11,-2.94663568658109,-1.7021974261358047e-17,-1.924240277970733e-15
1741199338983703819,-0.3527925811338763,-3.1993845034496444e-11,-2.94663568658109,-1.7021974261358047e-17,-1.924240277970733e-15
1741199339029389682,-0.3527925811338763,-3.1993845034496444e-11,-2.94663568658109,-1.7021974261358047e-17,-1.924240277970733e-15
1741199339074203631,-0.3527925811338763,-3.1993845034496444e-11,-2.94663568658109,-1.7021974261358047e-17,-1.924240277970733e-15
1741199339113115956,-0.3527925811338763,-3.1993845034496444e-11,-2.94663568658109,-1.7021974261358047e-17,-1.924240277970733e-15
1741199339162937977,-0.3527925811338763,-3.1993845034496444e-11,-2.94663568658109,-1.7021974261358047e-17,-1.924240277970733e-15
1741199339207178121,-0.3527925811338763,-3.1993845034496444e-11,-2.94663568658109,-1.7021974261358047e-17,-1.924240277970733e-15
1741199339247472517,-0.3527925811338763,-3.1993845034496444e-11,-2.94663568658109,-1.7021974261358047e-17,-1.924240277970733e-15
1741199339295038574,-0.3527925811338763,-3.1993845034496444e-11,-2.94663568658109,-1.7021974261358047e-17,-1.924240277970733e-15
1741199339334163130,-0.3527925811338763,-3.1993845034496444e-11,-2.94663568658109,-1.7021974261358047e-17,-1.924240277970733e-15
1741199339385199350,-0.3527925811338763,-3.1993845034496444e-11,-2.94663568658109,-1.7021974261358047e-17,-1.924240277970733e-15
1741199339422104966,-0.3527925811338763,-3.1993845034496444e-11,-2.94663568658109,-1.7021974261358047e-17,-1.924240277970733e-15
1741199339468841767,-0.3527925811338763,-3.1993845034496444e-11,-2.94663568658109,-1.7021974261358047e-17,-1.924240277970733e-15
1741199339503982788,-0.3527925811338763,-3.1993845034496444e-11,-2.94663568658109,-1.7021974261358047e-17,-1.924240277970733e-15
1741199339518949763,-0.3527925811338763,-3.1993845034496444e-11,-2.94663568658109,-1.7021974261358047e-17,-1.924240277970733e-15
1741199339573150150,-0.3527925811338763,-3.1993845034496444e-11,-2.94663568658109,-1.7021974261358047e-17,-1.924240277970733e-15
1741199339621914349,-0.3527925811338763,-3.1993845034496444e-11,-2.94663568658109,-1.7021974261358047e-17,-1.924240277970733e-15
1741199339637341850,-0.3527925811338763,-3.1993845034496444e-11,-2.94663568658109,-1.7021974261358047e-17,-1.924240277970733e-15
1741199339684461907,-0.3527925811338763,-3.1993845034496444e-11,-2.94663568658109,-1.7021974261358047e-17,-1.924240277970733e-15
1741199339722685690,-0.3527925811338763,-3.1993845034496444e-11,-2.94663568658109,-1.7021974261358047e-17,-1.924240277970733e-15
1741199339773038110,-0.3527925811338763,-3.1993845034496444e-11,-2.94663568658109,-1.7021974261358047e-17,-1.924240277970733e-15
1741199339815395935,-0.3527925811338763,-3.1993845034496444e-11,-2.94663568658109,-1.7021974261358047e-17,-1.924240277970733e-15
1741199339842205096,-0.3527925811338763,-3.1993845034496444e-11,-2.94663568658109,-1.7021974261358047e-17,-1.924240277970733e-15
1741199339904380732,-0.3527925811338763,-3.1993845034496444e-11,-2.94663568658109,-1.7021974261358047e-17,-1.924240277970733e-15
1741199339926369909,-0.3527925811338763,-3.1993845034496444e-11,-2.94663568658109,-1.7021974261358047e-17,-1.924240277970733e-15
1741199339989167271,-0.3527925811338763,-3.1993845034496444e-11,-2.94663568658109,-1.7021974261358047e-17,-1.924240277970733e-15
1741199340009658754,-0.3527925811338763,-3.1993845034496444e-11,-2.94663568658109,-1.7021974261358047e-17,-1.924240277970733e-15
1741199340064187613,-0.3527925811338763,-3.1993845034496444e-11,-2.94663568658109,-1.7021974261358047e-17,-1.924240277970733e-15
1741199340117664031,-0.3527925811338763,-3.1993845034496444e-11,-2.94663568658109,-1.7021974261358047e-17,-1.924240277970733e-15
1741199340153802864,-0.3527925811338763,-3.1993845034496444e-11,-2.94663568658109,-1.7021974261358047e-17,-1.924240277970733e-15
1741199340202350000,-0.3527925811338763,-3.1993845034496444e-11,-2.94663568658109,-1.7021974261358047e-17,-1.924240277970733e-15
1741199340245798194,-0.3527925811338763,-3.1993845034496444e-11,-2.94663568658109,-1.7021974261358047e-17,-1.924240277970733e-15
1741199340291368429,-0.3527925811338763,-3.1993845034496444e-11,-2.94663568658109,-1.7021974261358047e-17,-1.924240277970733e-15
1741199340328714628,-0.3527925811338763,-3.1993845034496444e-11,-2.94663568658109,-1.7021974261358047e-17,-1.924240277970733e-15
1741199340373780445,-0.3527925811338763,-3.1993845034496444e-11,-2.94663568658109,-1.7021974261358047e-17,-1.924240277970733e-15
1741199340410358976,-0.3527925811338763,-3.1993845034496444e-11,-2.94663568658109,-1.7021974261358047e-17,-1.924240277970733e-15
1741199340443449453,-0.3527925811338763,-3.1993845034496444e-11,-2.94663568658109,-1.7021974261358047e-17,-1.924240277970733e-15
1741199340483240910,-0.3527925811338763,-3.1993845034496444e-11,-2.94663568658109,-1.7021974261358047e-17,-1.924240277970733e-15
1741199340520175307,-0.3527925811338763,-3.1993845034496444e-11,-2.94663568658109,-1.7021974261358047e-17,-1.924240277970733e-15
1741199340564328163,-0.3527925811338763,-3.1993845034496444e-11,-2.94663568658109,-1.7021974261358047e-17,-1.924240277970733e-15
1741199340599997719,-0.3527925811338763,-3.1993845034496444e-11,-2.94663568658109,-1.7021974261358047e-17,-1.924240277970733e-15
1741199340639639202,-0.3527925811338763,-3.1993845034496444e-11,-2.94663568658109,-1.7021974261358047e-17,-1.924240277970733e-15
1741199340676791086,-0.3527925811338763,-3.1993845034496444e-11,-2.94663568658109,-1.7021974261358047e-17,-1.924240277970733e-15
1741199340721722378,-0.3527925811338763,-3.1993845034496444e-11,-2.94663568658109,-1.7021974261358047e-17,-1.924240277970733e-15
1741199340765183295,-0.3527925811338763,-3.1993845034496444e-11,-2.94663568658109,-1.7021974261358047e-17,-1.924240277970733e-15
1741199340813138810,-0.3527925811338763,-3.1993845034496444e-11,-2.94663568658109,-1.7021974261358047e-17,-1.924240277970733e-15
1741199340845566136,-0.3527925811338763,-3.1993845034496444e-11,-2.94663568658109,-1.7021974261358047e-17,-1.924240277970733e-15
1741199340894804317,-0.3527925811338763,-3.1993845034496444e-11,-2.94663568658109,-1.7021974261358047e-17,-1.924240277970733e-15
1741199340936554395,-0.3527925811338763,-3.1993845034496444e-11,-2.94663568658109,-1.7021974261358047e-17,-1.924240277970733e-15
1741199340951876426,-0.3527925811338763,-3.1993845034496444e-11,-2.94663568658109,-1.7021974261358047e-17,-1.924240277970733e-15
1741199341027829845,-0.3527925811338763,-3.1993845034496444e-11,-2.94663568658109,-1.7021974261358047e-17,-1.924240277970733e-15
1741199341042768577,-0.3527925811338763,-3.1993845034496444e-11,-2.94663568658109,-1.7021974261358047e-17,-1.924240277970733e-15
1741199341108361666,-0.3527925811338763,-3.1993845034496444e-11,-2.94663568658109,-1.7021974261358047e-17,-1.924240277970733e-15
1741199341164742046,-0.3527925811338763,-3.1993845034496444e-11,-2.94663568658109,-1.7021974261358047e-17,-1.924240277970733e-15
1741199341206940781,-0.3527925811338763,-3.1993845034496444e-11,-2.94663568658109,-1.7021974261358047e-17,-1.924240277970733e-15
1741199341252282984,-0.3527925811338763,-3.1993845034496444e-11,-2.94663568658109,-1.7021974261358047e-17,-1.924240277970733e-15
1741199341289603764,-0.3527925811338763,-3.1993845034496444e-11,-2.94663568658109,-1.7021974261358047e-17,-1.924240277970733e-15
1741199341305347785,-0.3527925811338763,-3.1993845034496444e-11,-2.94663568658109,-1.7021974261358047e-17,-1.924240277970733e-15
1741199341377047229,-0.3527925811338763,-3.1993845034496444e-11,-2.94663568658109,-1.7021974261358047e-17,-1.924240277970733e-15
1741199341421225108,-0.3527925811338763,-3.1993845034496444e-11,-2.94663568658109,-1.7021974261358047e-17,-1.924240277970733e-15
1741199341459819493,-0.3527925811338763,-3.1993845034496444e-11,-2.94663568658109,-1.7021974261358047e-17,-1.924240277970733e-15
1741199341507700070,-0.3527925811338763,-3.1993845034496444e-11,-2.94663568658109,-1.7021974261358047e-17,-1.924240277970733e-15
1741199341543861147,-0.3527925811338763,-3.1993845034496444e-11,-2.94663568658109,-1.7021974261358047e-17,-1.924240277970733e-15
1741199341590927977,-0.3527925811338763,-3.1993845034496444e-11,-2.94663568658109,-1.7021974261358047e-17,-1.924240277970733e-15
1741199341622935617,-0.3527925811338763,-3.1993845034496444e-11,-2.94663568658109,-1.7021974261358047e-17,-1.924240277970733e-15
1741199341660281296,-0.3527925811338763,-3.1993845034496444e-11,-2.94663568658109,-1.7021974261358047e-17,-1.924240277970733e-15
1741199341699167086,-0.3527925811338763,-3.1993845034496444e-11,-2.94663568658109,-1.7021974261358047e-17,-1.924240277970733e-15
1741199341737476374,-0.3527925811338763,-3.1993845034496444e-11,-2.94663568658109,-1.7021974261358047e-17,-1.924240277970733e-15
1741199341779312223,-0.3527925811338763,-3.1993845034496444e-11,-2.94663568658109,-1.7021974261358047e-17,-1.924240277970733e-15
1741199341822665067,-0.3527925811338763,-3.1993845034496444e-11,-2.94663568658109,-1.7021974261358047e-17,-1.924240277970733e-15
1741199341861896632,-0.3527925811338763,-3.1993845034496444e-11,-2.94663568658109,-1.7021974261358047e-17,-1.924240277970733e-15
1741199341940131054,-0.3527925811338763,-3.1993845034496444e-11,-2.94663568658109,-1.7021974261358047e-17,-1.924240277970733e-15
1741199341955488341,-0.3527925811338763,-3.1993845034496444e-11,-2.94663568658109,-1.7021974261358047e-17,-1.924240277970733e-15
1741199341993591060,-0.3527925811338763,-3.1993845034496444e-11,-2.94663568658109,-1.7021974261358047e-17,-1.924240277970733e-15
1741199342038683014,-0.3527925811338763,-3.1993845034496444e-11,-2.94663568658109,-1.7021974261358047e-17,-1.924240277970733e-15
1741199342108890136,-0.3527925811338763,-3.1993845034496444e-11,-2.94663568658109,-1.7021974261358047e-17,-1.924240277970733e-15
1741199342124208689,-0.3527925811338763,-3.1993845034496444e-11,-2.94663568658109,-1.7021974261358047e-17,-1.924240277970733e-15
1741199342163591017,-0.3527925811338763,-3.1993845034496444e-11,-2.94663568658109,-1.7021974261358047e-17,-1.924240277970733e-15
1741199342196096090,-0.3527925811338763,-3.1993845034496444e-11,-2.94663568658109,-1.7021974261358047e-17,-1.924240277970733e-15
1741199342243152642,-0.3527925811338763,-3.1993845034496444e-11,-2.94663568658109,-1.7021974261358047e-17,-1.924240277970733e-15
1741199342285479084,-0.3527925811338763,-3.1993845034496444e-11,-2.94663568658109,-1.7021974261358047e-17,-1.924240277970733e-15
1741199342327048834,-0.3527925811338763,-3.1993845034496444e-11,-2.94663568658109,-1.7021974261358047e-17,-1.924240277970733e-15
1741199342364381815,-0.3527925811338763,-3.1993845034496444e-11,-2.94663568658109,-1.7021974261358047e-17,-1.924240277970733e-15
1741199342409980692,-0.3527925811338763,-3.1993845034496444e-11,-2.94663568658109,-1.7021974261358047e-17,-1.924240277970733e-15
1741199342440457443,-0.3527925811338763,-3.1993845034496444e-11,-2.94663568658109,-1.7021974261358047e-17,-1.924240277970733e-15
1741199342498382200,-0.3527925811338763,-3.1993845034496444e-11,-2.94663568658109,-1.7021974261358047e-17,-1.924240277970733e-15
1741199342532569625,-0.3527925811338763,-3.1993845034496444e-11,-2.94663568658109,-1.7021974261358047e-17,-1.924240277970733e-15
1741199342584807083,-0.3527925811338763,-3.1993845034496444e-11,-2.94663568658109,-1.7021974261358047e-17,-1.924240277970733e-15
1741199342628319797,-0.3527925811338763,-3.1993845034496444e-11,-2.94663568658109,-1.7021974261358047e-17,-1.924240277970733e-15
1741199342668186925,-0.3527925811338763,-3.1993845034496444e-11,-2.94663568658109,-1.7021974261358047e-17,-1.924240277970733e-15
1741199342709068968,-0.3527925811338763,-3.1993845034496444e-11,-2.94663568658109,-1.7021974261358047e-17,-1.924240277970733e-15
1741199342744631052,-0.3527925811338763,-3.1993845034496444e-11,-2.94663568658109,-1.7021974261358047e-17,-1.924240277970733e-15
1741199342796757016,-0.3527925811338763,-3.1993845034496444e-11,-2.94663568658109,-1.7021974261358047e-17,-1.924240277970733e-15
1741199342863758075,-0.3527925811338763,-3.1993845034496444e-11,-2.94663568658109,-1.7021974261358047e-17,-1.924240277970733e-15
1741199342879152840,-0.3527925811338763,-3.1993845034496444e-11,-2.94663568658109,-1.7021974261358047e-17,-1.924240277970733e-15
1741199342937974457,-0.3527925811338763,-3.1993845034496444e-11,-2.94663568658109,-1.7021974261358047e-17,-1.924240277970733e-15
1741199342953699663,-0.3527925811338763,-3.1993845034496444e-11,-2.94663568658109,-1.7021974261358047e-17,-1.924240277970733e-15
1741199343017196157,-0.3527925811338763,-3.1993845034496444e-11,-2.94663568658109,-1.7021974261358047e-17,-1.924240277970733e-15
1741199343060577468,-0.3527925811338763,-3.1993845034496444e-11,-2.94663568658109,-1.7021974261358047e-17,-1.924240277970733e-15
1741199343103604300,-0.3527925811338763,-3.1993845034496444e-11,-2.94663568658109,-1.7021974261358047e-17,-1.924240277970733e-15
1741199343144470343,-0.3527925811338763,-3.1993845034496444e-11,-2.94663568658109,-1.7021974261358047e-17,-1.924240277970733e-15
1741199343187571651,-0.3527925811338763,-3.1993845034496444e-11,-2.94663568658109,-1.7021974261358047e-17,-1.924240277970733e-15
1741199343229562445,-0.3527925811338763,-3.1993845034496444e-11,-2.94663568658109,-1.7021974261358047e-17,-1.924240277970733e-15
1741199343270331098,-0.3527925811338763,-3.1993845034496444e-11,-2.94663568658109,-1.7021974261358047e-17,-1.924240277970733e-15
1741199343316151313,-0.3527925811338763,-3.1993845034496444e-11,-2.94663568658109,-1.7021974261358047e-17,-1.924240277970733e-15
1741199343331332002,-0.3527925811338763,-3.1993845034496444e-11,-2.94663568658109,-1.7021974261358047e-17,-1.924240277970733e-15
1741199343374407734,-0.3527925811338763,-3.1993845034496444e-11,-2.94663568658109,-1.7021974261358047e-17,-1.924240277970733e-15
1741199343412118136,-0.3527925811338763,-3.1993845034496444e-11,-2.94663568658109,-1.7021974261358047e-17,-1.924240277970733e-15
1741199343490328087,-0.3527925811338763,-3.1993845034496444e-11,-2.94663568658109,-1.7021974261358047e-17,-1.924240277970733e-15
1741199343505724431,-0.3527925811338763,-3.1993845034496444e-11,-2.94663568658109,-1.7021974261358047e-17,-1.924240277970733e-15
1741199343544571577,-0.3527925811338763,-3.1993845034496444e-11,-2.94663568658109,-1.7021974261358047e-17,-1.924240277970733e-15
1741199343585301606,-0.3527925811338763,-3.1993845034496444e-11,-2.94663568658109,-1.7021974261358047e-17,-1.924240277970733e-15
1741199343634334317,-0.3527925811338763,-3.1993845034496444e-11,-2.94663568658109,-1.7021974261358047e-17,-1.924240277970733e-15
1741199343667267342,-0.3527925811338763,-3.1993845034496444e-11,-2.94663568658109,-1.7021974261358047e-17,-1.924240277970733e-15
1741199343714281174,-0.3527925811338763,-3.1993845034496444e-11,-2.94663568658109,-1.7021974261358047e-17,-1.924240277970733e-15
1741199343749073964,-0.3527925811338763,-3.1993845034496444e-11,-2.94663568658109,-1.7021974261358047e-17,-1.924240277970733e-15
1741199343803097606,-0.3527925811338763,-3.1993845034496444e-11,-2.94663568658109,-1.7021974261358047e-17,-1.924240277970733e-15
1741199343835621616,-0.3527925811338763,-3.1993845034496444e-11,-2.94663568658109,-1.7021974261358047e-17,-1.924240277970733e-15
1741199343889801925,-0.3527925811338763,-3.1993845034496444e-11,-2.94663568658109,-1.7021974261358047e-17,-1.924240277970733e-15
1741199343926219518,-0.3527925811338763,-3.1993845034496444e-11,-2.94663568658109,-1.7021974261358047e-17,-1.924240277970733e-15
1741199343966898868,-0.3527925811338763,-3.1993845034496444e-11,-2.94663568658109,-1.7021974261358047e-17,-1.924240277970733e-15
1741199344002212486,-0.3527925811338763,-3.1993845034496444e-11,-2.94663568658109,-1.7021974261358047e-17,-1.924240277970733e-15
1741199344044195290,-0.3527925811338763,-3.1993845034496444e-11,-2.94663568658109,-1.7021974261358047e-17,-1.924240277970733e-15
1741199344107213285,-0.3527925811338763,-3.1993845034496444e-11,-2.94663568658109,-1.7021974261358047e-17,-1.924240277970733e-15
1741199344125199502,-0.3527925811338763,-3.1993845034496444e-11,-2.94663568658109,-1.7021974261358047e-17,-1.924240277970733e-15
1741199344189881892,-0.3527925811338763,-3.1993845034496444e-11,-2.94663568658109,-1.7021974261358047e-17,-1.924240277970733e-15
1741199344243639377,-0.3527925811338763,-3.1993845034496444e-11,-2.94663568658109,-1.7021974261358047e-17,-1.924240277970733e-15
1741199344293213321,-0.3527925811338763,-3.1993845034496444e-11,-2.94663568658109,-1.7021974261358047e-17,-1.924240277970733e-15
1741199344337537280,-0.3527925811338763,-3.1993845034496444e-11,-2.94663568658109,-1.7021974261358047e-17,-1.924240277970733e-15
1741199344381467277,-0.3527925811338763,-3.1993845034496444e-11,-2.94663568658109,-1.7021974261358047e-17,-1.924240277970733e-15
1741199344431519959,-0.3527925811338763,-3.1993845034496444e-11,-2.94663568658109,-1.7021974261358047e-17,-1.924240277970733e-15
1741199344463504598,-0.3527925811338763,-3.1993845034496444e-11,-2.94663568658109,-1.7021974261358047e-17,-1.924240277970733e-15
1741199344512281270,-0.3527925811338763,-3.1993845034496444e-11,-2.94663568658109,-1.7021974261358047e-17,-1.924240277970733e-15
1741199344555053538,-0.3527925811338763,-3.1993845034496444e-11,-2.94663568658109,-1.7021974261358047e-17,-1.924240277970733e-15
1741199344595588544,-0.3527925811338763,-3.1993845034496444e-11,-2.94663568658109,-1.7021974261358047e-17,-1.924240277970733e-15
1741199344638279165,-0.3527925811338763,-3.1993845034496444e-11,-2.94663568658109,-1.7021974261358047e-17,-1.924240277970733e-15
1741199344681516632,-0.3527925811338763,-3.1993845034496444e-11,-2.94663568658109,-1.7021974261358047e-17,-1.924240277970733e-15
1741199344727985176,-0.3527925811338763,-3.1993845034496444e-11,-2.94663568658109,-1.7021974261358047e-17,-1.924240277970733e-15
1741199344764468521,-0.3527925811338763,-3.1993845034496444e-11,-2.94663568658109,-1.7021974261358047e-17,-1.924240277970733e-15
1741199344779455049,-0.3527925811338763,-3.1993845034496444e-11,-2.94663568658109,-1.7021974261358047e-17,-1.924240277970733e-15
1741199344847803534,-0.3527925811338763,-3.1993845034496444e-11,-2.94663568658109,-1.7021974261358047e-17,-1.924240277970733e-15
1741199344862647253,-0.3527925811338763,-3.1993845034496444e-11,-2.94663568658109,-1.7021974261358047e-17,-1.924240277970733e-15
1741199344920696987,-0.3527925811338763,-3.1993845034496444e-11,-2.94663568658109,-1.7021974261358047e-17,-1.924240277970733e-15
1741199344939356813,-0.3527925811338763,-3.1993845034496444e-11,-2.94663568658109,-1.7021974261358047e-17,-1.924240277970733e-15
1741199344998826335,-0.3527925811338763,-3.1993845034496444e-11,-2.94663568658109,-1.7021974261358047e-17,-1.924240277970733e-15
1741199345024362402,-0.3527925811338763,-3.1993845034496444e-11,-2.94663568658109,-1.7021974261358047e-17,-1.924240277970733e-15
1741199345087373752,-0.3527925811338763,-3.1993845034496444e-11,-2.94663568658109,-1.7021974261358047e-17,-1.924240277970733e-15
1741199345111462215,-0.3527925811338763,-3.1993845034496444e-11,-2.94663568658109,-1.7021974261358047e-17,-1.924240277970733e-15
1741199345168287636,-0.3527925811338763,-3.1993845034496444e-11,-2.94663568658109,-1.7021974261358047e-17,-1.924240277970733e-15
1741199345201432581,-0.3527925811338763,-3.1993845034496444e-11,-2.94663568658109,-1.7021974261358047e-17,-1.924240277970733e-15
1741199345257505419,-0.3527925811338763,-3.1993845034496444e-11,-2.94663568658109,-1.7021974261358047e-17,-1.924240277970733e-15
1741199345285492000,-0.3527925811338763,-3.1993845034496444e-11,-2.94663568658109,-1.7021974261358047e-17,-1.924240277970733e-15
1741199345335208248,-0.3527925811338763,-3.1993845034496444e-11,-2.94663568658109,-1.7021974261358047e-17,-1.924240277970733e-15
1741199345355481051,-0.3527925811338763,-3.1993845034496444e-11,-2.94663568658109,-1.7021974261358047e-17,-1.924240277970733e-15
1741199345423977146,-0.3527925811338763,-3.1993845034496444e-11,-2.94663568658109,-1.7021974261358047e-17,-1.924240277970733e-15
1741199345441634793,-0.3527925811338763,-3.1993845034496444e-11,-2.94663568658109,-1.7021974261358047e-17,-1.924240277970733e-15
1741199345511428992,-0.3527925811338763,-3.1993845034496444e-11,-2.94663568658109,-1.7021974261358047e-17,-1.924240277970733e-15
1741199345526409877,-0.3527925811338763,-3.1993845034496444e-11,-2.94663568658109,-1.7021974261358047e-17,-1.924240277970733e-15
1741199345587330306,-0.3527925811338763,-3.1993845034496444e-11,-2.94663568658109,-1.7021974261358047e-17,-1.924240277970733e-15
1741199345635004837,-0.3527925811338763,-3.1993845034496444e-11,-2.94663568658109,-1.7021974261358047e-17,-1.924240277970733e-15
1741199345669950967,-0.3527925811338763,-3.1993845034496444e-11,-2.94663568658109,-1.7021974261358047e-17,-1.924240277970733e-15
1741199345717207536,-0.3527925811338763,-3.1993845034496444e-11,-2.94663568658109,-1.7021974261358047e-17,-1.924240277970733e-15
1741199345770964140,-0.3527925811338763,-3.1993845034496444e-11,-2.94663568658109,-1.7021974261358047e-17,-1.924240277970733e-15
1741199345818808009,-0.3527925811338763,-3.1993845034496444e-11,-2.94663568658109,-1.7021974261358047e-17,-1.924240277970733e-15
1741199345908329421,-0.3527925811338763,-3.1993845034496444e-11,-2.94663568658109,-1.7021974261358047e-17,-1.924240277970733e-15
1741199345973950522,-0.3527925811338763,-3.1993845034496444e-11,-2.94663568658109,-1.7021974261358047e-17,-1.924240277970733e-15
1741199346017671532,-0.3527925811338763,-3.1993845034496444e-11,-2.94663568658109,-1.7021974261358047e-17,-1.924240277970733e-15
1741199346060230608,-0.3527925811338763,-3.1993845034496444e-11,-2.94663568658109,-1.7021974261358047e-17,-1.924240277970733e-15
1741199346104174969,-0.3527925811338763,-3.1993845034496444e-11,-2.94663568658109,-1.7021974261358047e-17,-1.924240277970733e-15
1741199346136676595,-0.3527925811338763,-3.1993845034496444e-11,-2.94663568658109,-1.7021974261358047e-17,-1.924240277970733e-15
1741199346154981011,-0.3527925811338763,-3.1993845034496444e-11,-2.94663568658109,-1.7021974261358047e-17,-1.924240277970733e-15
1741199346229176102,-0.3527925811338763,-3.1993845034496444e-11,-2.94663568658109,-1.7021974261358047e-17,-1.924240277970733e-15
1741199346274196536,-0.3527925811338763,-3.1993845034496444e-11,-2.94663568658109,-1.7021974261358047e-17,-1.924240277970733e-15
1741199346307041509,-0.3527925811338763,-3.1993845034496444e-11,-2.94663568658109,-1.7021974261358047e-17,-1.924240277970733e-15
1741199346322246326,-0.3527925811338763,-3.1993845034496444e-11,-2.94663568658109,-1.7021974261358047e-17,-1.924240277970733e-15
1741199346397305580,-0.3527925811338763,-3.1993845034496444e-11,-2.94663568658109,-1.7021974261358047e-17,-1.924240277970733e-15
1741199346412440978,-0.3527925811338763,-3.1993845034496444e-11,-2.94663568658109,-1.7021974261358047e-17,-1.924240277970733e-15
1741199346477636928,-0.3527925811338763,-3.1993845034496444e-11,-2.94663568658109,-1.7021974261358047e-17,-1.924240277970733e-15
1741199346517774054,-0.3527925811338763,-3.1993845034496444e-11,-2.94663568658109,-1.7021974261358047e-17,-1.924240277970733e-15
1741199346571871488,-0.3527925811338763,-3.1993845034496444e-11,-2.94663568658109,-1.7021974261358047e-17,-1.924240277970733e-15
1741199346606214248,-0.3527925811338763,-3.1993845034496444e-11,-2.94663568658109,-1.7021974261358047e-17,-1.924240277970733e-15
1741199346669858797,-0.3527925811338763,-3.1993845034496444e-11,-2.94663568658109,-1.7021974261358047e-17,-1.924240277970733e-15
1741199346684420873,-0.3527925811338763,-3.1993845034496444e-11,-2.94663568658109,-1.7021974261358047e-17,-1.924240277970733e-15
1741199346753044598,-0.3527925811338763,-3.1993845034496444e-11,-2.94663568658109,-1.7021974261358047e-17,-1.924240277970733e-15
1741199346792282960,-0.3527925811338763,-3.1993845034496444e-11,-2.94663568658109,-1.7021974261358047e-17,-1.924240277970733e-15
1741199346831168872,-0.3527925811338763,-3.1993845034496444e-11,-2.94663568658109,-1.7021974261358047e-17,-1.924240277970733e-15
1741199346888860752,-0.3527925811338763,-3.1993845034496444e-11,-2.94663568658109,-1.7021974261358047e-17,-1.924240277970733e-15
1741199346931757149,-0.3527925811338763,-3.1993845034496444e-11,-2.94663568658109,-1.7021974261358047e-17,-1.924240277970733e-15
1741199346980447123,-0.3529117794374911,-2.3537536310166546e-05,-2.946635686579937,0.0040499999580373685,3.843001817600555e-11
1741199347018392452,-0.35322964158252235,-8.630421489385277e-05,-2.946635686578786,0.014849999916078091,7.680736271463835e-11
1741199347063694170,-0.35374616756897004,-0.00018830006774535668,-2.9466356865776353,0.028349999916085035,7.672397686514023e-11
1741199347128574796,-0.35462823502337654,-0.0003624776012012874,-2.946635686576254,0.044549999916086165,7.671107191224313e-11
1741199347143237744,-0.3555818214609396,-0.0005507776374435383,-2.946635686575103,0.05804999991608538,7.671206460092752e-11
1741199347187544789,-0.3567340717399186,-0.000778306847955047,-2.946635686573952,0.07154999991608277,7.672894030856221e-11
1741199347232951277,-0.3583790083453624,-0.0011031244106049145,-2.9466356865725705,0.08774999991609085,7.674581601620598e-11
1741199347273619123,-0.35996831907545623,-0.0014169578045104025,-2.9466356865714194,0.10124999991609226,7.673390375199327e-11
1741199347345608722,-0.3621377282222376,-0.001845340387234368,-2.9466356865700374,0.11744999991607859,7.675077945961885e-11
1741199347360388382,-0.36416409940344585,-0.002245477964536038,-2.9466356865688854,0.13094999991607587,7.676666247856914e-11
1741199347402717427,-0.3663891344260695,-0.0026848447161094387,-2.9466356865677343,0.14444999991607532,7.676964054462233e-11
1741199347437483587,-0.36932141272388624,-0.0032638673280368418,-2.9466356865663523,0.16064999991607448,7.677162592199112e-11
1741199347511818723,-0.37198350819762366,-0.003789538263009648,-2.9466356865652,0.17414999991609276,7.678949431831931e-11
1741199347530043971,-0.3754402590367766,-0.004472125895017676,-2.946635686563818,0.19034999991607102,7.67904870069946e-11
1741199347570115283,-0.3785394149616273,-0.005084101013392115,-2.946635686562666,0.2038499999160685,7.680835540331369e-11
1741199347606144369,-0.38183723472789294,-0.005735305306040746,-2.946635686561513,0.21734999991606613,7.682721648831716e-11
1741199347660048791,-0.3860568547180795,-0.00656853296726171,-2.94663568656013,0.23354999991606545,7.683019455437034e-11
1741199347695564201,-0.38979173493545777,-0.0073060414433152,-2.9466356865589773,0.24704999991609516,7.683019455437944e-11
1741199347743091300,-0.39372527899425075,-0.008082779093644361,-2.9466356865578245,0.2605499999160924,7.684607757332974e-11
1741199347790311007,-0.39870776813546965,-0.009066646784083882,-2.946635686556441,0.27674999991606125,7.685203370542698e-11
1741199347844122827,-0.4030783726453747,-0.009929688617821127,-2.9466356865552883,0.29024999991605993,7.684806295068941e-11
1741199347882227516,-0.4084793802802102,-0.010996199102277981,-2.946635686553914,0.3028499999512997,7.654827096800272e-11
1741199347933397193,-0.41298242735216795,-0.011885393719093933,-2.9466356865527707,0.30599999998906185,7.619884455109638e-11
1741199347970224566,-0.41748547442412465,-0.012774588335915025,-2.9466356865516268,0.30599999999161465,7.61988445511054e-11
1741199348018830005,-0.4228891309104715,-0.01384162187610714,-2.9466356865502554,0.30599999999161487,7.620082992847418e-11
1741199348066454559,-0.42739217798242596,-0.014730816492939556,-2.946635686549112,0.3059999999915787,7.620082992846516e-11
1741199348111750944,-0.4318952250543795,-0.015620011109777131,-2.946635686547969,0.30599999999157845,7.619884455109638e-11
1741199348147476453,-0.43729888154072233,-0.01668704464998901,-2.9466356865465966,0.3059999999915787,7.620082992846516e-11
1741199348211769526,-0.44180192861267364,-0.01757623926683791,-2.9466356865454535,0.30599999999157845,7.619884455109638e-11
1741199348253075544,-0.4472055850990138,-0.018643272807063377,-2.9466356865440813,0.30599999999161465,7.619884455110541e-11
1741199348298295984,-0.4517086321709629,-0.01953246742392361,-2.946635686542938,0.3059999999916149,7.620082992847419e-11
1741199348331106249,-0.456211679242911,-0.020421662040788987,-2.946635686541795,0.30599999999158056,7.618494690951489e-11
1741199348379272115,-0.46161533572924723,-0.021488695581034212,-2.9466356865404233,0.30599999999157734,7.618891766425246e-11
1741199348455207426,-0.466118382801193,-0.022377890197910904,-2.94663568653928,0.30599999999157645,7.618097615477732e-11
1741199348471289227,-0.4706214298731377,-0.023267084814792737,-2.946635686538137,0.305999999991576,7.617700540003974e-11
1741199348543598083,-0.47602508635947005,-0.024334118355057742,-2.9466356865367653,0.30599999999161226,7.617700540004876e-11
1741199348590402435,-0.48052813343141254,-0.025223312971950896,-2.9466356865356222,0.30599999999161226,7.617700540004876e-11
1741199348643808815,-0.4859317899177422,-0.026290346512229487,-2.94663568653425,0.305999999991576,7.617700540003974e-11
1741199348691307346,-0.49043483698968243,-0.027179541129133962,-2.9466356865331074,0.305999999991576,7.617700540003974e-11
1741199348738698858,-0.4949378840616217,-0.0280687357460436,-2.9466356865319643,0.305999999991576,7.617700540003974e-11
1741199348791502796,-0.5003415405479474,-0.029135769286341956,-2.946635686530593,0.305999999991576,7.617700540003974e-11
1741199348844338520,-0.5048445876198845,-0.030024963903262907,-2.9466356865294494,0.30599999999161226,7.617700540004876e-11
1741199348883139796,-0.5093476346918205,-0.030914158520189017,-2.9466356865283068,0.30599999999161226,7.617700540004876e-11
1741199348902329479,-0.5147512911781423,-0.031981192060507126,-2.9466356865269345,0.305999999991576,7.617700540003974e-11
1741199348974874232,-0.5192543382500762,-0.03287038667744456,-2.946635686525792,0.305999999991576,7.617700540003974e-11
1741199348994020319,-0.5246579947363953,-0.033937420217776265,-2.9466356865244197,0.305999999991576,7.617700540003974e-11
1741199349066904282,-0.5291610418083269,-0.03482661483472502,-2.946635686523277,0.305999999991576,7.617700540003974e-11
1741199349082835766,-0.5336640888802574,-0.03571580945167891,-2.9466356865221335,0.30599999999161226,7.617700540004876e-11
1741199349151085244,-0.5390677453665726,-0.03678284299203039,-2.946635686520762,0.305999999991576,7.617700540003974e-11
1741199349173770404,-0.5435707924385009,-0.03767203760899562,-2.9466356865196195,0.3059999999915779,7.616112238108946e-11
1741199349211495010,-0.5480738395104282,-0.03856123222596599,-2.946635686518476,0.305999999991576,7.617700540003976e-11
1741199349260580819,-0.5534774959967395,-0.03962826576633724,-2.9466356865171046,0.305999999991576,7.617700540003976e-11
1741199349297951752,-0.5579805430686645,-0.04051746038331893,-2.946635686515961,0.30599999999161226,7.617700540004878e-11
1741199349354982247,-0.5633841995549731,-0.04158449392370376,-2.9466356865145897,0.30599999999161226,7.617700540004878e-11
1741199349396389159,-0.5678872466268957,-0.04247368854069677,-2.9466356865134475,0.30599999999157557,7.617303464530217e-11
1741199349459879251,-0.5723902936988176,-0.04336288315769494,-2.9466356865123053,0.30599999999157645,7.61809761547773e-11
1741199349525381283,-0.5777939501851221,-0.04442991669809951,-2.946635686510935,0.30599999999157557,7.617303464530217e-11
1741199349555514321,-0.5822969972570419,-0.04531911131510899,-2.9466356865097927,0.30599999999157645,7.61809761547773e-11
1741199349590336144,-0.5868000443289603,-0.046208305932123606,-2.9466356865086505,0.3059999999916127,7.618097615478634e-11
1741199349634845774,-0.5922037008152612,-0.047275339472547945,-2.94663568650728,0.3059999999916127,7.618097615478634e-11
1741199349693236990,-0.5967067478871775,-0.04816453408957387,-2.9466356865061374,0.30599999999157557,7.618891766425246e-11
1741199349723138079,-0.6021104043734756,-0.0492315676300118,-2.9466356865047665,0.30599999999157834,7.619685917372761e-11
1741199349783314142,-0.6066134514453898,-0.05012076224704907,-2.946635686503624,0.30599999999158206,7.621274219267789e-11
1741199349803376595,-0.6111164985173029,-0.05100995686409149,-2.9466356865024803,0.305999999991583,7.622068370215303e-11
1741199349862287087,-0.6165201550035972,-0.05207699040454919,-2.9466356865011085,0.30599999999161737,7.622068370216206e-11
1741199349878050324,-0.6210232020755082,-0.052966185021602934,-2.9466356864999654,0.30599999999161737,7.622068370216206e-11
1741199349939141683,-0.6255262491474181,-0.05385537963866182,-2.9466356864988223,0.3059999999915811,7.622068370215302e-11
1741199349958035941,-0.6309299056337084,-0.05492241317913928,-2.9466356864974506,0.3059999999915811,7.622068370215302e-11
1741199350016698637,-0.6354329527056162,-0.05581160779620949,-2.9466356864963075,0.3059999999915811,7.622068370215302e-11
1741199350065451264,-0.640836609191904,-0.05687864133670054,-2.9466356864949357,0.3059999999915811,7.622068370215302e-11
1741199350104826778,-0.6453396562638094,-0.05776783595378208,-2.9466356864937926,0.30599999999161737,7.622068370216206e-11
1741199350146368964,-0.6498427033357138,-0.05865703057086876,-2.946635686492649,0.3059999999916183,7.622862521163722e-11
1741199350184827487,-0.6552463598219976,-0.05972406411137958,-2.9466356864912777,0.30599999999158206,7.622862521162817e-11
1741199350220505786,-0.6597494068938997,-0.060613258728477594,-2.9466356864901346,0.3059999999915811,7.622068370215302e-11
1741199350235100164,-0.6642524539658008,-0.06150245334558075,-2.9466356864889915,0.3059999999915811,7.622068370215302e-11
1741199350294240405,-0.6696561104520807,-0.06256948688611134,-2.9466356864876193,0.3059999999915811,7.622068370215302e-11
1741199350308757463,-0.6741591575239796,-0.06345868150322583,-2.9466356864864767,0.30599999999161737,7.622068370216206e-11
1741199350390875673,-0.679562814010257,-0.06452571504377,-2.946635686485105,0.3059999999915811,7.622068370215302e-11
1741199350408377059,-0.6840658610821536,-0.0654149096608958,-2.946635686483962,0.3059999999915811,7.622068370215302e-11
1741199350489660344,-0.6885689081540494,-0.06630410427802676,-2.9466356864828183,0.30599999999158206,7.622862521162817e-11
1741199350518784155,-0.6939725646403228,-0.0673711378185907,-2.946635686481447,0.305999999991583,7.622068370215303e-11
1741199350578593587,-0.6984756117122162,-0.068260332435733,-2.946635686480304,0.30599999999161737,7.622068370216204e-11
1741199350607350819,-0.7029786587841085,-0.06914952705288042,-2.9466356864791607,0.30599999999161737,7.622068370216204e-11
1741199350673041415,-0.708382315270378,-0.07021656059346412,-2.946635686477789,0.3059999999915811,7.6220683702153e-11
1741199350693042614,-0.7128853623422681,-0.07110575521062286,-2.946635686476646,0.3059999999915811,7.6220683702153e-11
1741199350742727580,-0.7182890188285348,-0.07217278875122016,-2.946635686475274,0.3059999999915811,7.6220683702153e-11
1741199350770839007,-0.7227920659004227,-0.07306198336839023,-2.946635686474131,0.3059999999915811,7.6220683702153e-11
1741199350820169698,-0.7272951129723095,-0.07395117798556546,-2.9466356864729875,0.3059999999916183,7.622862521163719e-11
1741199350850099943,-0.7326987694585724,-0.07501821152618252,-2.9466356864716157,0.3059999999916183,7.622862521163719e-11
1741199350905236955,-0.7372018165304571,-0.07590740614336906,-2.9466356864704726,0.3059999999915811,7.6220683702153e-11
1741199350925218228,-0.7417048636023408,-0.07679660076056077,-2.94663568646933,0.30599999999158206,7.621274219267786e-11
1741199350988943180,-0.7471085200885997,-0.0778636343011976,-2.946635686467958,0.3059999999915811,7.6220683702153e-11
1741199351006678232,-0.7516115671604812,-0.0787528289184006,-2.946635686466815,0.3059999999915811,7.6220683702153e-11
1741199351059751015,-0.7570152236467376,-0.07981986245905101,-2.9466356864654433,0.30599999999161737,7.622068370216202e-11
1741199351080057817,-0.7615182707186167,-0.08070905707626536,-2.9466356864643,0.30599999999161737,7.622068370216202e-11
1741199351118621263,-0.7660213177904948,-0.08159825169348486,-2.9466356864631567,0.30599999999158206,7.622862521162813e-11
1741199351136911604,-0.7714249742767473,-0.08266528523415505,-2.946635686461785,0.30599999999158206,7.622862521162813e-11
1741199351208176824,-0.7759280213486232,-0.08355447985138587,-2.946635686460642,0.3059999999915811,7.622068370215298e-11
1741199351223941610,-0.780431068420498,-0.08444367446862185,-2.9466356864594987,0.3059999999915811,7.622068370215298e-11
1741199351276444067,-0.7858347249067464,-0.0855107080093118,-2.9466356864581273,0.30599999999161737,7.622068370216202e-11
1741199351292120909,-0.7903377719786191,-0.08639990262655908,-2.9466356864569843,0.30599999999161737,7.622068370216202e-11
1741199351356445062,-0.795741428464865,-0.08746693616726262,-2.9466356864556125,0.3059999999915811,7.622068370215298e-11
1741199351393683646,-0.8002444755367354,-0.08835613078452123,-2.9466356864544694,0.3059999999915811,7.622068370215298e-11
1741199351407904678,-0.8047475226086047,-0.089245325401785,-2.9466356864533263,0.3059999999915811,7.622068370215298e-11
1741199351468499568,-0.8101511790948466,-0.09031235894250829,-2.9466356864519545,0.3059999999915811,7.622068370215298e-11
1741199351510534898,-0.8146542261667138,-0.09120155355978336,-2.9466356864508114,0.3059999999916164,7.621274219268687e-11
1741199351556067945,-0.820057882652953,-0.09226858710052026,-2.9466356864494396,0.3059999999915811,7.622068370215298e-11
1741199351570252207,-0.824560929724818,-0.09315778171780668,-2.946635686448297,0.30599999999158206,7.621274219267784e-11
1741199351627835445,-0.829063976796682,-0.09404697633509825,-2.9466356864471535,0.3059999999915839,7.622862521162812e-11
1741199351660052283,-0.8344676332829173,-0.0951140098758549,-2.9466356864457817,0.3059999999915811,7.622068370215298e-11
1741199351702391508,-0.8389706803547791,-0.09600320449315777,-2.946635686444638,0.3059999999916173,7.622068370216203e-11
1741199351717520369,-0.8434737274266397,-0.09689239911046581,-2.9466356864434946,0.30599999999161726,7.622068370216204e-11
1741199351776718836,-0.848877383912871,-0.09795943265124225,-2.9466356864421224,0.305999999991581,7.6220683702153e-11
1741199351792172655,-0.8533804309847295,-0.09884862726856161,-2.946635686440979,0.305999999991581,7.6220683702153e-11
1741199351865749579,-0.8587840874709582,-0.09991566080935164,-2.9466356864396066,0.305999999991581,7.6220683702153e-11
1741199351896186373,-0.8632871345428145,-0.10080485542668233,-2.946635686438463,0.305999999991581,7.6220683702153e-11
1741199351948236739,-0.8677901816146696,-0.10169405004401817,-2.9466356864373195,0.30599999999161726,7.622068370216203e-11
1741199351975174926,-0.8731938381008943,-0.10276108358482797,-2.9466356864359473,0.30599999999161726,7.622068370216202e-11
1741199352026942700,-0.8776968851727474,-0.10365027820217514,-2.946635686434804,0.305999999991581,7.6220683702153e-11
1741199352041854097,-0.8821999322445991,-0.10453947281952743,-2.946635686433661,0.30599999999157734,7.618891766425241e-11
1741199352122962868,-0.8876035887308199,-0.10560650636035697,-2.9466356864322902,0.30599999999157185,7.614126860740153e-11
1741199352155142985,-0.8921066358026696,-0.10649570097772056,-2.946635686431148,0.30599999999157185,7.614126860740153e-11
1741199352200467440,-0.8975102922888875,-0.10756273451856366,-2.9466356864297776,0.30599999999160665,7.61214148337227e-11
1741199352221835029,-0.9020133393607348,-0.10845192913593858,-2.946635686428635,0.30599999999160843,7.613729785267299e-11
1741199352295214005,-0.9065163864325811,-0.10934112375331864,-2.9466356864274927,0.3059999999915717,7.614126860740154e-11
1741199352330413796,-0.9119200429187951,-0.1104081572941815,-2.946635686426122,0.3059999999915699,7.612538558845125e-11
1741199352377848161,-0.9164230899906394,-0.11129735191157289,-2.9466356864249796,0.3059999999915718,7.614126860740154e-11
1741199352416644984,-0.9209261370624824,-0.11218654652896941,-2.9466356864238374,0.3059999999915718,7.614126860740154e-11
1741199352442488440,-0.9263297935486927,-0.113253580069852,-2.946635686422467,0.3059999999916062,7.612538558846029e-11
1741199352475974521,-0.9308328406205336,-0.11414277468725985,-2.9466356864213243,0.30599999999160804,7.614126860741058e-11
1741199352526664736,-0.936236497106741,-0.11520980822815603,-2.946635686419954,0.30599999999156985,7.612538558845129e-11
1741199352566999378,-0.9407395441785796,-0.11609900284557519,-2.9466356864188117,0.3059999999915698,7.612538558845129e-11
1741199352606627197,-0.9452425912504172,-0.1169881974629995,-2.946635686417669,0.3059999999915717,7.614126860740157e-11
1741199352683942400,-0.9506462477366208,-0.11805523100391543,-2.9466356864162986,0.30599999999156996,7.612538558845128e-11
1741199352728093469,-0.9551492948084561,-0.11894442562135106,-2.946635686415156,0.3059999999916081,7.614126860741058e-11
1741199352742841860,-0.9596523418802902,-0.11983362023879181,-2.9466356864140137,0.30599999999160804,7.614126860741059e-11
1741199352816669955,-0.9650559983664901,-0.1209006537797275,-2.9466356864126433,0.30599999999157007,7.61234002110825e-11
1741199352831892579,-0.9695590454383222,-0.12178984839717959,-2.9466356864115006,0.3059999999915717,7.614126860740157e-11
1741199352893377992,-0.9749627019245193,-0.12285688193812887,-2.94663568641013,0.3059999999915698,7.612538558845129e-11
1741199352908601397,-0.9794657489963492,-0.12374607655559225,-2.946635686408988,0.3059999999915698,7.612538558845129e-11
1741199352946907816,-0.9839687960681779,-0.12463527117306078,-2.9466356864078453,0.30599999999160793,7.61412686074106e-11
1741199353003497808,-0.9893724525543711,-0.12570230471402982,-2.946635686406475,0.3059999999915698,7.612538558845129e-11
1741199353034286291,-0.9938754996261976,-0.1265914993315097,-2.9466356864053322,0.3059999999915698,7.612538558845129e-11
1741199353090259255,-0.9983785466980232,-0.12748069394899472,-2.94663568640419,0.3059999999915719,7.613928323003279e-11
1741199353118418810,-1.0037822031842123,-0.12854772748998353,-2.9466356864028196,0.30599999999157,7.61234002110825e-11
1741199353172337411,-1.0082852502560358,-0.1294369221074798,-2.9466356864016774,0.30599999999160626,7.61234002110915e-11
1741199353204652228,-1.0136889067422223,-0.13050395564848213,-2.9466356864003065,0.30599999999160626,7.612340021109149e-11
1741199353259808800,-1.0181919538140436,-0.13139315026598974,-2.9466356863991643,0.3059999999915698,7.612538558845128e-11
1741199353289565405,-1.0226950008858637,-0.13228234488350252,-2.946635686398022,0.3059999999915698,7.612538558845129e-11
1741199353345903184,-1.0280986573720465,-0.13334937842452466,-2.946635686396651,0.30599999999156996,7.61243928997669e-11
1741199353378708516,-1.0326017044438645,-0.13423857304204875,-2.946635686395509,0.3059999999915698,7.612538558845129e-11
1741199353428029592,-1.0371047515156813,-0.13512776765957799,-2.946635686394367,0.30599999999160604,7.612538558846029e-11
1741199353463745123,-1.04250840800186,-0.13619480120061983,-2.9466356863929954,0.3059999999916061,7.612538558846029e-11
1741199353509872454,-1.0470114550736747,-0.13708399581816036,-2.9466356863918537,0.30599999999156974,7.612637827713567e-11
1741199353578712622,-1.0524151115598508,-0.1381510293592158,-2.946635686390483,0.3059999999915694,7.612985268753105e-11
1741199353605916766,-1.056918158631663,-0.13904022397676766,-2.9466356863893406,0.30599999999156935,7.613084537621543e-11
1741199353633846478,-1.0614212057034742,-0.13992941859432467,-2.946635686388198,0.30599999999156935,7.613084537621543e-11
1741199353688446607,-1.0668248621896463,-0.14099645213539988,-2.9466356863868275,0.3059999999916057,7.612935634319787e-11
1741199353752865467,-1.0713279092614554,-0.14188564675296822,-2.9466356863856853,0.3059999999916059,7.612761913800018e-11
1741199353771320178,-1.0758309563332633,-0.14277484137054167,-2.946635686384543,0.3059999999915696,7.612774322407671e-11
1741199353836411303,-1.0812346128194317,-0.14384187491163658,-2.946635686383172,0.30599999999156957,7.612780526711948e-11
1741199353852806091,-1.0857376598912376,-0.14473106952922132,-2.94663568638203,0.3059999999915696,7.612780526711948e-11
1741199353926385722,-1.0911413163774033,-0.14579810307032987,-2.946635686380659,0.30599999999157146,7.614390543671947e-11
1741199353942138507,-1.095644363449207,-0.146687297687926,-2.946635686379517,0.3059999999916059,7.612774322408573e-11
1741199353983281200,-1.1001474105210096,-0.14757649230552725,-2.9466356863783743,0.3059999999916057,7.612836365451348e-11
1741199354024820853,-1.1055510670071715,-0.14864352584665555,-2.946635686377004,0.30599999999157107,7.614623205082353e-11
1741199354065444898,-1.110054114078972,-0.14953272046426808,-2.9466356863758616,0.30599999999156935,7.612985268753105e-11
1741199354106115426,-1.1145571611507712,-0.15042191508188577,-2.9466356863747194,0.30599999999156935,7.613034903187325e-11
1741199354148523149,-1.1199608176369291,-0.15148894862303378,-2.9466356863733485,0.30599999999156957,7.612737096582007e-11
1741199354222668728,-1.1244638647087262,-0.1523781432406628,-2.9466356863722063,0.305999999991606,7.612538558846029e-11
1741199354241105583,-1.1298675211948812,-0.15344517678182443,-2.9466356863708354,0.30599999999157157,7.614126860740157e-11
1741199354315739685,-1.134370568266676,-0.1543343713994648,-2.946635686369693,0.3059999999915698,7.61243928997669e-11
1741199354337524500,-1.1388736153384698,-0.1552235660171103,-2.9466356863685506,0.30599999999156985,7.61243928997669e-11
1741199354407725075,-1.144277271824621,-0.15629059955829167,-2.94663568636718,0.30599999999157174,7.614027591871717e-11
1741199354431597852,-1.1487803188964125,-0.15717979417594843,-2.9466356863660375,0.305999999991606,7.612538558846029e-11
1741199354495018804,-1.1532833659682031,-0.15806898879361034,-2.9466356863648957,0.30599999999160593,7.61253855884603e-11
1741199354519793367,-1.1586870224543506,-0.15913602233481144,-2.946635686363525,0.30599999999157157,7.614126860740158e-11
1741199354577728085,-1.163190069526139,-0.16002521695248473,-2.9466356863623826,0.3059999999915699,7.61234002110825e-11
1741199354604212023,-1.1685937260122838,-0.16109225049369946,-2.9466356863610117,0.3059999999915718,7.613928323003279e-11
1741199354667201417,-1.1730967730840698,-0.16198144511138404,-2.9466356863598695,0.30599999999157157,7.614126860740157e-11
1741199354686828790,-1.177599820155855,-0.16287063972907373,-2.9466356863587273,0.30599999999160593,7.612538558846031e-11
1741199354755047299,-1.183003476641996,-0.16393767327030814,-2.9466356863573564,0.30599999999160776,7.614126860741058e-11
1741199354779794260,-1.1875065237137787,-0.16482686788800915,-2.9466356863562138,0.30599999999157157,7.614126860740156e-11
1741199354842282462,-1.1920095707855607,-0.16571606250571533,-2.946635686355072,0.3059999999915697,7.612538558845129e-11
1741199354866664658,-1.1974132272716975,-0.16678309604696953,-2.946635686353701,0.30599999999157157,7.614126860740157e-11
1741199354922477879,-1.201916274343477,-0.16767229066468706,-2.946635686352559,0.30599999999157157,7.614126860740157e-11
1741199354951354152,-1.2073199308296112,-0.16873932420595486,-2.946635686351188,0.3059999999916079,7.614126860741058e-11
1741199355010400961,-1.2118229779013885,-0.16962851882368365,-2.946635686350046,0.305999999991608,7.614126860741058e-11
1741199355036335451,-1.216326024973165,-0.17051771344141758,-2.9466356863489036,0.30599999999156985,7.612538558845126e-11
1741199355099829875,-1.2217296814592953,-0.1715847469827051,-2.9466356863475323,0.3059999999915712,7.614523936213913e-11
1741199355124304037,-1.2262327285310697,-0.17247394160045035,-2.9466356863463905,0.3059999999915712,7.614523936213913e-11
1741199355195180086,-1.2307357756028428,-0.1733631362182008,-2.9466356863452483,0.3059999999915698,7.612538558845129e-11
1741199355222018494,-1.2361394320889691,-0.17443016975950812,-2.9466356863438774,0.3059999999916079,7.614126860741059e-11
1741199355284411878,-1.2406424791607402,-0.17531936437726986,-2.946635686342735,0.3059999999916079,7.614126860741059e-11
1741199355305715586,-1.2460461356468637,-0.1763863979185907,-2.9466356863413643,0.3059999999915698,7.612538558845129e-11
1741199355344468736,-1.2505491827186326,-0.1772755925363637,-2.946635686340222,0.30599999999157157,7.614126860740158e-11
1741199355387028396,-1.2550522297904003,-0.17816478715414186,-2.94663568633908,0.30599999999157157,7.614126860740158e-11
1741199355433579111,-1.26045588627652,-0.17923182069548246,-2.9466356863377094,0.3059999999915698,7.61253855884513e-11
1741199355476801356,-1.2649589333482856,-0.180121015313272,-2.946635686336567,0.305999999991608,7.614126860741063e-11
1741199355525745295,-1.2703625898344026,-0.18118804885462622,-2.9466356863351963,0.3059999999915698,7.61253855884513e-11
1741199355562946456,-1.2748656369061657,-0.18207724347242704,-2.946635686334054,0.30599999999157024,7.612141483371373e-11
1741199355611177115,-1.279368683977928,-0.18296643809023302,-2.946635686332911,0.305999999991572,7.613729785266402e-11
1741199355677117707,-1.284772340464041,-0.18403347163160694,-2.946635686331541,0.30599999999156974,7.61253855884513e-11
1741199355692141271,-1.2892753875358007,-0.1849226662494242,-2.946635686330399,0.30599999999160604,7.61253855884603e-11
1741199355757468778,-1.2937784346075598,-0.1858118608672466,-2.946635686329256,0.30599999999160793,7.61412686074106e-11
1741199355781236284,-1.2991820910936691,-0.1868788944086403,-2.9466356863278853,0.3059999999915717,7.614126860740158e-11
1741199355848598033,-1.3036851381654257,-0.18776808902647402,-2.946635686326743,0.3059999999915717,7.61412686074016e-11
1741199355871375668,-1.3090887946515322,-0.18883512256788126,-2.9466356863253726,0.30599999999156985,7.61253855884513e-11
1741199355932523514,-1.3135918417232868,-0.18972431718572633,-2.9466356863242305,0.3059999999915698,7.61253855884513e-11
1741199355956789328,-1.3180948887950403,-0.19061351180357652,-2.9466356863230883,0.30599999999160604,7.612538558846032e-11
1741199356017555760,-1.3234985452811432,-0.19168054534500356,-2.946635686321717,0.30599999999160976,7.615715162636091e-11
1741199356036460560,-1.3280015923528943,-0.19256973996286508,-2.9466356863205747,0.305999999991573,7.616112238108948e-11
1741199356108335993,-1.3325046394246445,-0.19345893458073174,-2.946635686319433,0.3059999999915693,7.612935634318892e-11
1741199356133234150,-1.3379082959107433,-0.1945259681221785,-2.9466356863180634,0.30599999999156974,7.612538558845134e-11
1741199356199039374,-1.3424113429824913,-0.1954151627400565,-2.9466356863169216,0.30599999999156974,7.612538558845134e-11
1741199356225900654,-1.3478149994685875,-0.19648219628151686,-2.9466356863155507,0.3059999999916097,7.615715162636092e-11
1741199356293981277,-1.352318046540333,-0.19737139089940617,-2.946635686314409,0.3059999999916097,7.615715162636092e-11
1741199356310981426,-1.3568210936120775,-0.1982605855173006,-2.946635686313267,0.30599999999156974,7.612538558845134e-11
1741199356379894591,-1.36222475009817,-0.19932761905878071,-2.946635686311897,0.30599999999156974,7.612538558845134e-11
1741199356398092895,-1.3667277971699126,-0.20021681367668645,-2.9466356863107555,0.30599999999156974,7.612538558845134e-11
1741199356461604193,-1.371230844241654,-0.2011060082945973,-2.9466356863096137,0.30599999999156974,7.612538558845134e-11
1741199356486275385,-1.3766345007277425,-0.2021730418360971,-2.946635686308243,0.30599999999160965,7.615715162636094e-11
1741199356538304673,-1.3811375477994816,-0.2030622364540193,-2.9466356863071006,0.30599999999160965,7.615715162636094e-11
1741199356564042810,-1.3865412042855674,-0.20412926999553274,-2.9466356863057306,0.3059999999915698,7.612538558845134e-11
1741199356625989207,-1.3910442513573045,-0.20501846461346623,-2.946635686304588,0.3059999999915698,7.612538558845134e-11
1741199356646487530,-1.3955472984290405,-0.2059076592314049,-2.9466356863034466,0.30599999999156974,7.612538558845134e-11
1741199356709493428,-1.4009509549151222,-0.20697469277293803,-2.9466356863020766,0.3059999999915698,7.612538558845134e-11
1741199356724988945,-1.405454001986856,-0.207863887390888,-2.946635686300934,0.30599999999160976,7.615715162636098e-11
1741199356763728345,-1.4099570490585887,-0.2087530820088431,-2.9466356862997922,0.30599999999160976,7.615715162636098e-11
1741199356828463750,-1.4153607055446666,-0.20982011555039604,-2.9466356862984227,0.30599999999157074,7.611744407897621e-11
1741199356843791767,-1.419863752616397,-0.21070931016836245,-2.946635686297281,0.30599999999157074,7.611744407897621e-11
1741199356914369454,-1.4252674091024722,-0.2117763437099289,-2.946635686295911,0.3059999999915698,7.612538558845134e-11
1741199356929106731,-1.4297704561742002,-0.21266553832790663,-2.9466356862947682,0.30599999999157357,7.615715162635193e-11
1741199357000608349,-1.4342735032459275,-0.21355473294588947,-2.946635686293626,0.30599999999160976,7.615715162636094e-11
1741199357046475136,-1.4396771597319988,-0.21462176648747566,-2.9466356862922565,0.3059999999915698,7.612538558845134e-11
1741199357102148851,-1.4441802068037242,-0.21551096110546988,-2.946635686291112,0.3059999999915773,7.61889176642525e-11
1741199357117244367,-1.4486832538754484,-0.21640015572346927,-2.9466356862899676,0.3059999999915884,7.628421577795422e-11
1741199357185230036,-1.454086910361516,-0.21746718926507536,-2.9466356862885936,0.3059999999915921,7.63159818158548e-11
1741199357200382142,-1.458589957433238,-0.2183563838830861,-2.9466356862874488,0.30599999999162836,7.631598181586385e-11
1741199357273073755,-1.4639936139193033,-0.2194234174247058,-2.9466356862860748,0.30599999999162836,7.631598181586385e-11
1741199357305247168,-1.4684966609910233,-0.2203126120427279,-2.94663568628493,0.3059999999915921,7.63159818158548e-11
1741199357362374023,-1.4729997080627422,-0.22120180666075512,-2.946635686283785,0.3059999999915921,7.63159818158548e-11
1741199357395571045,-1.4784033645488033,-0.2222688402023946,-2.946635686282412,0.3059999999915921,7.63159818158548e-11
1741199357445496168,-1.4829064116205197,-0.2231580348204332,-2.946635686281267,0.3059999999915921,7.63159818158548e-11
1741199357460629032,-1.487409458692235,-0.22404722943847694,-2.946635686280122,0.30599999999162836,7.631598181586385e-11
1741199357531986923,-1.4928131151782924,-0.2251142629801362,-2.946635686278748,0.30599999999162836,7.631598181586385e-11
1741199357565674942,-1.4973161622500057,-0.2260034575981913,-2.9466356862776033,0.3059999999915921,7.63159818158548e-11
1741199357626161926,-1.5027198187360606,-0.2270704911398642,-2.9466356862762293,0.305999999991593,7.630804030637966e-11
1741199357661504415,-1.5072228658077718,-0.2279596857579306,-2.9466356862750844,0.3059999999915921,7.63159818158548e-11
1741199357710203683,-1.5117259128794818,-0.22884888037600215,-2.9466356862739396,0.3059999999915921,7.63159818158548e-11
1741199357745696587,-1.5171295693655322,-0.2299159139176948,-2.9466356862725664,0.30599999999162464,7.628421577796327e-11
1741199357801015599,-1.5216326164372398,-0.23080510853577774,-2.9466356862714216,0.30599999999162836,7.631598181586385e-11
1741199357838637672,-1.5261356635089465,-0.2316943031538658,-2.9466356862702767,0.3059999999915921,7.63159818158548e-11
1741199357901298844,-1.5315393199949932,-0.2327613366955783,-2.9466356862689027,0.3059999999915921,7.63159818158548e-11
1741199357942288254,-1.5360423670666978,-0.23365053131367772,-2.946635686267758,0.3059999999915921,7.63159818158548e-11
1741199357999781860,-1.5414460235527423,-0.2347175648554038,-2.946635686266384,0.3059999999915921,7.63159818158548e-11
1741199358033266424,-1.5459490706244448,-0.23560675947351453,-2.946635686265239,0.30599999999162836,7.631598181586381e-11
1741199358081402224,-1.550452117696146,-0.23649595409163046,-2.946635686264094,0.30599999999162836,7.631598181586381e-11
1741199358114760509,-1.5558557741821861,-0.23756298763337633,-2.9466356862627205,0.3059999999915884,7.628421577795422e-11
1741199358158662230,-1.560358821253885,-0.23845218225150358,-2.946635686261576,0.3059999999915884,7.628421577795422e-11
1741199358200717851,-1.5648618683255828,-0.239341376869636,-2.9466356862604313,0.3059999999915921,7.63159818158548e-11
1741199358245658288,-1.5702655248116193,-0.24040841041140168,-2.9466356862590573,0.3059999999915921,7.63159818158548e-11
1741199358284504988,-1.574768571883315,-0.24129760502954542,-2.946635686257913,0.3059999999916293,7.63080403063887e-11
1741199358320467026,-1.580172228369349,-0.24236463857132473,-2.946635686256539,0.3059999999915922,7.63159818158548e-11
1741199358378276181,-1.5846752754410425,-0.24325383318947982,-2.9466356862553944,0.3059999999915922,7.63159818158548e-11
1741199358411307384,-1.589178322512735,-0.24414302780764005,-2.9466356862542495,0.3059999999915922,7.63159818158548e-11
1741199358465805684,-1.5945819789987647,-0.24521006134943915,-2.9466356862528755,0.3059999999915922,7.63159818158548e-11
1741199358527808707,-1.5990850260704548,-0.24609925596761068,-2.946635686251732,0.3059999999916247,7.628421577796325e-11
1741199358548143195,-1.6035880731421441,-0.2469884505857874,-2.9466356862505876,0.3059999999916247,7.628421577796324e-11
1741199358612751515,-1.60899172962817,-0.24805548412760625,-2.9466356862492136,0.3059999999915922,7.63159818158548e-11
1741199358632013243,-1.613494776699857,-0.24894467874579432,-2.9466356862480687,0.3059999999915922,7.63159818158548e-11
1741199358706174521,-1.6188984331858802,-0.2500117122876268,-2.9466356862466956,0.3059999999915922,7.63159818158548e-11
1741199358726152298,-1.623401480257565,-0.2509009069058262,-2.9466356862455507,0.3059999999915922,7.63159818158548e-11
1741199358766812015,-1.6279045273292487,-0.2517901015240308,-2.9466356862444063,0.3059999999916284,7.631598181586383e-11
1741199358815860754,-1.6333081838152679,-0.2528571350658831,-2.946635686243032,0.3059999999916284,7.631598181586383e-11
1741199358843672455,-1.6378112308869495,-0.253746329684099,-2.946635686241888,0.3059999999915922,7.63159818158548e-11
1741199358893900400,-1.64231427795863,-0.25463552430232,-2.9466356862407435,0.30599999999158844,7.628421577795422e-11
1741199358932382030,-1.6477179344446453,-0.2557025578441921,-2.9466356862393703,0.3059999999915922,7.63159818158548e-11
1741199358985779349,-1.6522209815163236,-0.2565917524624245,-2.9466356862382255,0.3059999999915922,7.63159818158548e-11
1741199359059575144,-1.6576246380023363,-0.2576587860043102,-2.946635686236852,0.3059999999916284,7.631598181586381e-11
1741199359082518100,-1.6621276850740123,-0.258547980622554,-2.9466356862357075,0.3059999999916284,7.631598181586381e-11
1741199359152227645,-1.6666307321456872,-0.25943717524080284,-2.9466356862345626,0.3059999999915922,7.63159818158548e-11
1741199359173240748,-1.672034388631696,-0.26050420878270836,-2.946635686233189,0.3059999999915922,7.63159818158548e-11
1741199359251610869,-1.6765374357033687,-0.2613934034009686,-2.946635686232044,0.3059999999915922,7.63159818158548e-11
1741199359270695326,-1.6810404827750405,-0.262282598019234,-2.9466356862308998,0.3059999999915922,7.63159818158548e-11
1741199359356089510,-1.6864441392610454,-0.26334963156115926,-2.9466356862295267,0.3059999999916284,7.631598181586385e-11
1741199359374174374,-1.690947186332715,-0.26423882617943595,-2.9466356862283822,0.3059999999916284,7.631598181586385e-11
1741199359408585359,-1.696350842818717,-0.2653058597213748,-2.946635686227008,0.3059999999915922,7.63159818158548e-11
1741199359460427064,-1.7008538898903842,-0.26619505433966284,-2.9466356862258634,0.3059999999915922,7.63159818158548e-11
1741199359492457983,-1.7053569369620505,-0.26708424895795607,-2.9466356862247194,0.305999999991594,7.630009879690451e-11
1741199359544939118,-1.7107605934480485,-0.2681512824999147,-2.9466356862233454,0.3059999999915922,7.63159818158548e-11
1741199359582577815,-1.7152636405197128,-0.2690404771182192,-2.946635686222201,0.3059999999916284,7.631598181586381e-11
1741199359623270157,-1.7206672970057084,-0.27010751066019145,-2.946635686220828,0.3059999999915922,7.63159818158548e-11
1741199359675339896,-1.7251703440773702,-0.27099670527850733,-2.946635686219683,0.3059999999915922,7.63159818158548e-11
1741199359718371648,-1.729673391149031,-0.2718858998968284,-2.9466356862185386,0.3059999999915922,7.63159818158548e-11
1741199359759019294,-1.7350770476350224,-0.27295293343882043,-2.946635686217165,0.3059999999915922,7.63159818158548e-11
1741199359794664040,-1.7395800947066808,-0.27384212805715286,-2.94663568621602,0.3059999999916284,7.631598181586385e-11
1741199359833447388,-1.7440831417783382,-0.27473132267549044,-2.9466356862148757,0.3059999999916284,7.631598181586385e-11
1741199359873282322,-1.749486798264326,-0.2757983562175023,-2.946635686213502,0.3059999999915922,7.63159818158548e-11
1741199359924032141,-1.7539898453359815,-0.27668755083585117,-2.9466356862123573,0.3059999999915922,7.63159818158548e-11
1741199359986771558,-1.7593935018219664,-0.27775458437787665,-2.9466356862109846,0.3059999999915922,7.63159818158548e-11
1741199360007957993,-1.7638965488936196,-0.2786437789962369,-2.9466356862098397,0.3059999999915922,7.63159818158548e-11
1741199360066915489,-1.7683995959652716,-0.2795329736146022,-2.9466356862086953,0.3059999999916284,7.631598181586381e-11
1741199360091371233,-1.7738032524512526,-0.28060000715664746,-2.9466356862073213,0.3059999999916284,7.631598181586381e-11
1741199360160989373,-1.7783062995229022,-0.28148920177502423,-2.946635686206177,0.3059999999915922,7.63159818158548e-11
1741199360175569709,-1.782809346594551,-0.28237839639340606,-2.946635686205032,0.3059999999915922,7.63159818158548e-11
1741199360244810029,-1.7882130030805283,-0.2834454299354711,-2.946635686203658,0.3059999999915922,7.63159818158548e-11
1741199360268072907,-1.792716050152175,-0.28433462455386427,-2.946635686202514,0.3059999999915922,7.63159818158548e-11
1741199360325853542,-1.7981197066381496,-0.28540165809594287,-2.946635686201141,0.3059999999916247,7.628421577796327e-11
1741199360350740888,-1.8026227537097939,-0.2862908527143474,-2.946635686199996,0.3059999999916284,7.631598181586384e-11
1741199360418013592,-1.807125800781437,-0.2871800473327571,-2.9466356861988516,0.3059999999915922,7.631598181585479e-11
1741199360436168107,-1.8125294572674073,-0.28824708087485557,-2.946635686197478,0.3059999999915922,7.631598181585479e-11
1741199360515269164,-1.8170325043390483,-0.28913627549327653,-2.946635686196333,0.3059999999915922,7.631598181585479e-11
1741199360533058713,-1.8215355514106883,-0.29002547011170277,-2.9466356861951883,0.3059999999915922,7.631598181585478e-11
1741199360592395447,-1.826939207896655,-0.29109250365382094,-2.9466356861938148,0.3059999999916284,7.63159818158638e-11
1741199360609369610,-1.8314422549682932,-0.2919816982722585,-2.9466356861926704,0.3059999999916284,7.63159818158638e-11
1741199360674467420,-1.836845911454257,-0.2930487318143903,-2.9466356861912977,0.30599999999158844,7.628421577795422e-11
1741199360690319127,-1.8413489585258924,-0.29393792643283917,-2.946635686190153,0.30599999999158844,7.628421577795422e-11
1741199360751521893,-1.8458520055975267,-0.2948271210512932,-2.9466356861890084,0.3059999999915922,7.631598181585478e-11
1741199360780564071,-1.8512556620834868,-0.2958941545934448,-2.9466356861876344,0.3059999999915922,7.631598181585478e-11
1741199360813552677,-1.8557587091551189,-0.29678334921191024,-2.94663568618649,0.3059999999916284,7.631598181586381e-11
1741199360867041853,-1.8602617562267503,-0.2976725438303808,-2.946635686185345,0.3059999999916284,7.631598181586381e-11
1741199360907842127,-1.8656654127127066,-0.2987395773725522,-2.9466356861839715,0.3059999999915922,7.631598181585477e-11
1741199360951950197,-1.8701684597843355,-0.29962877199103405,-2.9466356861828267,0.3059999999915922,7.631598181585477e-11
1741199360987622036,-1.8754052386448457,-0.30066285302703155,-2.9466356861814633,0.30033000003689303,7.595067237999816e-11
1741199361031547561,-1.8795506908030624,-0.30148143513192066,-2.9466356861803265,0.28845000006710325,7.577595917154499e-11
1741199361080337660,-1.8834974791198773,-0.3022607880624679,-2.946635686179189,0.2749500000671365,7.577595917155392e-11
1741199361146901991,-1.8879713888294054,-0.3031442290689927,-2.946635686177825,0.25875000006710885,7.580772520944558e-11
1741199361167238152,-1.891481116695137,-0.3038372778159862,-2.946635686176688,0.24525000006710793,7.57600761525947e-11
1741199361195505863,-1.8947921807194676,-0.3044910973886364,-2.9466356861755516,0.2317500000671106,7.574419313364439e-11
1741199361251990293,-1.8985032212780146,-0.3052238983656828,-2.9466356861741865,0.21555000006711533,7.577595917154498e-11
1741199361319555995,-1.9013772248512617,-0.3057914137547761,-2.946635686173054,0.20205000006712576,7.563301200100132e-11
1741199361339232024,-1.904563792868509,-0.3064206497115528,-2.9466356861716956,0.1858500000671009,7.541064973569727e-11
